Model,Ratings_Reviews,ROM,Display,Camera,Processor
"APPLE iPhone 14 (Blue, 128 GB)","4.62,46,408 Ratings & 9,466 Reviews",128 GB ROM,15.49 cm (6.1 inch) Super Retina XDR Display,12MP + 12MP | 12MP Front Camera,"A15 Bionic Chip, 6 Core Processor Processor"
"APPLE iPhone 14 (Midnight, 128 GB)","4.62,46,408 Ratings & 9,466 Reviews",128 GB ROM,15.49 cm (6.1 inch) Super Retina XDR Display,12MP + 12MP | 12MP Front Camera,"A15 Bionic Chip, 6 Core Processor Processor"
"APPLE iPhone 14 (Starlight, 128 GB)","4.62,46,408 Ratings & 9,466 Reviews",128 GB ROM,15.49 cm (6.1 inch) Super Retina XDR Display,12MP + 12MP | 12MP Front Camera,"A15 Bionic Chip, 6 Core Processor Processor"
"APPLE iPhone 14 (Purple, 128 GB)","4.62,46,408 Ratings & 9,466 Reviews",128 GB ROM,15.49 cm (6.1 inch) Super Retina XDR Display,12MP + 12MP | 12MP Front Camera,"A15 Bionic Chip, 6 Core Processor Processor"
"APPLE iPhone 12 (Blue, 64 GB)","4.62,05,338 Ratings & 13,637 Reviews",64 GB ROM,15.49 cm (6.1 inch) Super Retina XDR Display,12MP + 12MP | 12MP Front Camera,A14 Bionic Chip with Next Generation Neural Engine Processor
"APPLE iPhone 14 Plus (Midnight, 128 GB)","4.654,589 Ratings & 3,186 Reviews",128 GB ROM,17.02 cm (6.7 inch) Super Retina XDR Display,12MP + 12MP | 12MP Front Camera,"A15 Bionic Chip, 6 Core Processor Processor"
"APPLE iPhone 12 (Blue, 128 GB)","4.62,05,338 Ratings & 13,637 Reviews",128 GB ROM,15.49 cm (6.1 inch) Super Retina XDR Display,12MP + 12MP | 12MP Front Camera,A14 Bionic Chip with Next Generation Neural Engine Processor
"APPLE iPhone 14 (Blue, 256 GB)","4.62,46,408 Ratings & 9,466 Reviews",256 GB ROM,15.49 cm (6.1 inch) Super Retina XDR Display,12MP + 12MP | 12MP Front Camera,"A15 Bionic Chip, 6 Core Processor Processor"
"APPLE iPhone 15 (Black, 128 GB)","4.61,879 Ratings & 164 Reviews",128 GB ROM,15.49 cm (6.1 inch) Super Retina XDR Display,48MP + 12MP | 12MP Front Camera,"A16 Bionic Chip, 6 Core Processor Processor"
"APPLE iPhone 14 Plus (Purple, 128 GB)","4.654,589 Ratings & 3,186 Reviews",128 GB ROM,17.02 cm (6.7 inch) Super Retina XDR Display,12MP + 12MP | 12MP Front Camera,"A15 Bionic Chip, 6 Core Processor Processor"
"APPLE iPhone 14 Plus (Starlight, 128 GB)","4.654,589 Ratings & 3,186 Reviews",128 GB ROM,17.02 cm (6.7 inch) Super Retina XDR Display,12MP + 12MP | 12MP Front Camera,"A15 Bionic Chip, 6 Core Processor Processor"
"APPLE iPhone 14 (Midnight, 256 GB)","4.62,46,408 Ratings & 9,466 Reviews",256 GB ROM,15.49 cm (6.1 inch) Super Retina XDR Display,12MP + 12MP | 12MP Front Camera,"A15 Bionic Chip, 6 Core Processor Processor"
"APPLE iPhone 14 (Starlight, 256 GB)","4.62,46,408 Ratings & 9,466 Reviews",256 GB ROM,15.49 cm (6.1 inch) Super Retina XDR Display,12MP + 12MP | 12MP Front Camera,"A15 Bionic Chip, 6 Core Processor Processor"
"APPLE iPhone 14 Plus (Blue, 128 GB)","4.654,589 Ratings & 3,186 Reviews",128 GB ROM,17.02 cm (6.7 inch) Super Retina XDR Display,12MP + 12MP | 12MP Front Camera,"A15 Bionic Chip, 6 Core Processor Processor"
"APPLE iPhone 15 (Blue, 128 GB)","4.61,879 Ratings & 164 Reviews",128 GB ROM,15.49 cm (6.1 inch) Super Retina XDR Display,48MP + 12MP | 12MP Front Camera,"A16 Bionic Chip, 6 Core Processor Processor"
"APPLE iPhone 12 (Black, 64 GB)","4.62,05,338 Ratings & 13,637 Reviews",64 GB ROM,15.49 cm (6.1 inch) Super Retina XDR Display,12MP + 12MP | 12MP Front Camera,A14 Bionic Chip with Next Generation Neural Engine Processor
"APPLE iPhone 14 (Purple, 256 GB)","4.62,46,408 Ratings & 9,466 Reviews",256 GB ROM,15.49 cm (6.1 inch) Super Retina XDR Display,12MP + 12MP | 12MP Front Camera,"A15 Bionic Chip, 6 Core Processor Processor"
"APPLE iPhone 12 (White, 64 GB)","4.62,05,338 Ratings & 13,637 Reviews",64 GB ROM,15.49 cm (6.1 inch) Super Retina XDR Display,12MP + 12MP | 12MP Front Camera,A14 Bionic Chip with Next Generation Neural Engine Processor
"APPLE iPhone 15 (Green, 128 GB)","4.61,879 Ratings & 164 Reviews",128 GB ROM,15.49 cm (6.1 inch) Super Retina XDR Display,48MP + 12MP | 12MP Front Camera,"A16 Bionic Chip, 6 Core Processor Processor"
"APPLE iPhone 12 (Green, 64 GB)","4.62,05,338 Ratings & 13,637 Reviews",64 GB ROM,15.49 cm (6.1 inch) Super Retina XDR Display,12MP + 12MP | 12MP Front Camera,A14 Bionic Chip with Next Generation Neural Engine Processor
"APPLE iPhone 12 (Black, 128 GB)","4.62,05,338 Ratings & 13,637 Reviews",128 GB ROM,15.49 cm (6.1 inch) Super Retina XDR Display,12MP + 12MP | 12MP Front Camera,A14 Bionic Chip with Next Generation Neural Engine Processor
"APPLE iPhone 15 Pro Max (Natural Titanium, 256 GB)",4.7237 Ratings & 21 Reviews,256 GB ROM,17.02 cm (6.7 inch) Super Retina XDR Display,48MP + 12MP + 12MP | 12MP Front Camera,"A17 Pro Chip, 6 Core Processor Processor"
"APPLE iPhone 15 (Blue, 256 GB)","4.61,879 Ratings & 164 Reviews",256 GB ROM,15.49 cm (6.1 inch) Super Retina XDR Display,48MP + 12MP | 12MP Front Camera,"A16 Bionic Chip, 6 Core Processor Processor"
"APPLE iPhone 15 Plus (Blue, 128 GB)",4.7875 Ratings & 104 Reviews,128 GB ROM,17.02 cm (6.7 inch) Super Retina XDR Display,48MP + 12MP | 12MP Front Camera,"A16 Bionic Chip, 6 Core Processor Processor"
"APPLE iPhone 12 (White, 128 GB)","4.62,05,338 Ratings & 13,637 Reviews",128 GB ROM,15.49 cm (6.1 inch) Super Retina XDR Display,12MP + 12MP | 12MP Front Camera,A14 Bionic Chip with Next Generation Neural Engine Processor
"APPLE iPhone 15 (Black, 256 GB)","4.61,879 Ratings & 164 Reviews",256 GB ROM,15.49 cm (6.1 inch) Super Retina XDR Display,48MP + 12MP | 12MP Front Camera,"A16 Bionic Chip, 6 Core Processor Processor"
"APPLE iPhone 15 Pro (Blue Titanium, 128 GB)",4.7354 Ratings & 32 Reviews,128 GB ROM,15.49 cm (6.1 inch) Super Retina XDR Display,48MP + 12MP + 12MP | 12MP Front Camera,"A17 Pro Chip, 6 Core Processor Processor"
"APPLE iPhone 15 Plus (Pink, 128 GB)",4.7875 Ratings & 104 Reviews,128 GB ROM,17.02 cm (6.7 inch) Super Retina XDR Display,48MP + 12MP | 12MP Front Camera,"A16 Bionic Chip, 6 Core Processor Processor"
"APPLE iPhone 15 Pro (White Titanium, 128 GB)",4.7354 Ratings & 32 Reviews,128 GB ROM,15.49 cm (6.1 inch) Super Retina XDR Display,48MP + 12MP + 12MP | 12MP Front Camera,"A17 Pro Chip, 6 Core Processor Processor"
"APPLE iPhone 13 (Blue, 128 GB)","4.72,74,517 Ratings & 13,375 Reviews",128 GB ROM,15.49 cm (6.1 inch) Super Retina XDR Display,12MP + 12MP | 12MP Front Camera,A15 Bionic Chip Processor
"APPLE iPhone 15 Pro (Black Titanium, 256 GB)",4.7354 Ratings & 32 Reviews,256 GB ROM,15.49 cm (6.1 inch) Super Retina XDR Display,48MP + 12MP + 12MP | 12MP Front Camera,"A17 Pro Chip, 6 Core Processor Processor"
"APPLE iPhone 13 (Midnight, 128 GB)","4.72,74,517 Ratings & 13,375 Reviews",128 GB ROM,15.49 cm (6.1 inch) Super Retina XDR Display,12MP + 12MP | 12MP Front Camera,A15 Bionic Chip Processor
"APPLE iPhone 15 Plus (Black, 128 GB)",4.7875 Ratings & 104 Reviews,128 GB ROM,17.02 cm (6.7 inch) Super Retina XDR Display,48MP + 12MP | 12MP Front Camera,"A16 Bionic Chip, 6 Core Processor Processor"
"APPLE iPhone 15 Plus (Blue, 256 GB)",4.7875 Ratings & 104 Reviews,256 GB ROM,17.02 cm (6.7 inch) Super Retina XDR Display,48MP + 12MP | 12MP Front Camera,"A16 Bionic Chip, 6 Core Processor Processor"
"APPLE iPhone 13 (Pink, 128 GB)","4.72,74,517 Ratings & 13,375 Reviews",128 GB ROM,15.49 cm (6.1 inch) Super Retina XDR Display,12MP + 12MP | 12MP Front Camera,A15 Bionic Chip Processor
"APPLE iPhone 15 Pro (White Titanium, 256 GB)",4.7354 Ratings & 32 Reviews,256 GB ROM,15.49 cm (6.1 inch) Super Retina XDR Display,48MP + 12MP + 12MP | 12MP Front Camera,"A17 Pro Chip, 6 Core Processor Processor"
"APPLE iPhone 15 Pro (Natural Titanium, 128 GB)",4.7354 Ratings & 32 Reviews,128 GB ROM,15.49 cm (6.1 inch) Super Retina XDR Display,48MP + 12MP + 12MP | 12MP Front Camera,"A17 Pro Chip, 6 Core Processor Processor"
"APPLE iPhone 15 (Pink, 256 GB)","4.61,879 Ratings & 164 Reviews",256 GB ROM,15.49 cm (6.1 inch) Super Retina XDR Display,48MP + 12MP | 12MP Front Camera,"A16 Bionic Chip, 6 Core Processor Processor"
"APPLE iPhone 15 Plus (Black, 256 GB)",4.7875 Ratings & 104 Reviews,256 GB ROM,17.02 cm (6.7 inch) Super Retina XDR Display,48MP + 12MP | 12MP Front Camera,"A16 Bionic Chip, 6 Core Processor Processor"
"APPLE iPhone 11 (White, 64 GB)","4.62,04,056 Ratings & 11,501 Reviews",64 GB ROM,15.49 cm (6.1 inch) Liquid Retina HD Display,12MP + 12MP | 12MP Front Camera,A13 Bionic Chip Processor
"APPLE iPhone 12 (Red, 128 GB)","4.62,05,338 Ratings & 13,637 Reviews",128 GB ROM,15.49 cm (6.1 inch) Super Retina XDR Display,12MP + 12MP | 12MP Front Camera,A14 Bionic Chip with Next Generation Neural Engine Processor
"APPLE iPhone 15 Pro Max (Blue Titanium, 256 GB)",4.7237 Ratings & 21 Reviews,256 GB ROM,17.02 cm (6.7 inch) Super Retina XDR Display,48MP + 12MP + 12MP | 12MP Front Camera,"A17 Pro Chip, 6 Core Processor Processor"
"APPLE iPhone 15 Pro (Blue Titanium, 512 GB)",4.7354 Ratings & 32 Reviews,512 GB ROM,15.49 cm (6.1 inch) Super Retina XDR Display,48MP + 12MP + 12MP | 12MP Front Camera,"A17 Pro Chip, 6 Core Processor Processor"
"APPLE iPhone 15 (Yellow, 128 GB)","4.61,879 Ratings & 164 Reviews",128 GB ROM,15.49 cm (6.1 inch) Super Retina XDR Display,48MP + 12MP | 12MP Front Camera,"A16 Bionic Chip, 6 Core Processor Processor"
"APPLE iPhone 15 Pro Max (White Titanium, 256 GB)",4.7237 Ratings & 21 Reviews,256 GB ROM,17.02 cm (6.7 inch) Super Retina XDR Display,48MP + 12MP + 12MP | 12MP Front Camera,"A17 Pro Chip, 6 Core Processor Processor"
"APPLE iPhone 15 Pro Max (Natural Titanium, 512 GB)",4.7237 Ratings & 21 Reviews,512 GB ROM,17.02 cm (6.7 inch) Super Retina XDR Display,48MP + 12MP + 12MP | 12MP Front Camera,"A17 Pro Chip, 6 Core Processor Processor"
"APPLE iPhone 15 Plus (Pink, 256 GB)",4.7875 Ratings & 104 Reviews,256 GB ROM,17.02 cm (6.7 inch) Super Retina XDR Display,48MP + 12MP | 12MP Front Camera,"A16 Bionic Chip, 6 Core Processor Processor"
"APPLE iPhone 15 (Green, 256 GB)","4.61,879 Ratings & 164 Reviews",256 GB ROM,15.49 cm (6.1 inch) Super Retina XDR Display,48MP + 12MP | 12MP Front Camera,"A16 Bionic Chip, 6 Core Processor Processor"
"APPLE iPhone 14 (Starlight, 512 GB)","4.62,46,408 Ratings & 9,466 Reviews",512 GB ROM,15.49 cm (6.1 inch) Super Retina XDR Display,12MP + 12MP | 12MP Front Camera,"A15 Bionic Chip, 6 Core Processor Processor"
"APPLE iPhone 15 (Pink, 128 GB)","4.61,879 Ratings & 164 Reviews",128 GB ROM,15.49 cm (6.1 inch) Super Retina XDR Display,48MP + 12MP | 12MP Front Camera,"A16 Bionic Chip, 6 Core Processor Processor"
"APPLE iPhone 15 Plus (Black, 512 GB)",4.7875 Ratings & 104 Reviews,512 GB ROM,17.02 cm (6.7 inch) Super Retina XDR Display,48MP + 12MP | 12MP Front Camera,"A16 Bionic Chip, 6 Core Processor Processor"
"APPLE iPhone 11 (Black, 64 GB)","4.62,04,056 Ratings & 11,501 Reviews",64 GB ROM,15.49 cm (6.1 inch) Liquid Retina HD Display,12MP + 12MP | 12MP Front Camera,A13 Bionic Chip Processor
"APPLE iPhone 15 Plus (Yellow, 128 GB)",4.7875 Ratings & 104 Reviews,128 GB ROM,17.02 cm (6.7 inch) Super Retina XDR Display,48MP + 12MP | 12MP Front Camera,"A16 Bionic Chip, 6 Core Processor Processor"
"APPLE iPhone 15 Pro (Black Titanium, 128 GB)",4.7354 Ratings & 32 Reviews,128 GB ROM,15.49 cm (6.1 inch) Super Retina XDR Display,48MP + 12MP + 12MP | 12MP Front Camera,"A17 Pro Chip, 6 Core Processor Processor"
"APPLE iPhone 15 Pro (Blue Titanium, 256 GB)",4.7354 Ratings & 32 Reviews,256 GB ROM,15.49 cm (6.1 inch) Super Retina XDR Display,48MP + 12MP + 12MP | 12MP Front Camera,"A17 Pro Chip, 6 Core Processor Processor"
"APPLE iPhone 15 Plus (Yellow, 256 GB)",4.7875 Ratings & 104 Reviews,256 GB ROM,17.02 cm (6.7 inch) Super Retina XDR Display,48MP + 12MP | 12MP Front Camera,"A16 Bionic Chip, 6 Core Processor Processor"
"APPLE iPhone 13 (Midnight, 256 GB)","4.72,74,517 Ratings & 13,375 Reviews",256 GB ROM,15.49 cm (6.1 inch) Super Retina XDR Display,12MP + 12MP | 12MP Front Camera,A15 Bionic Chip Processor
"APPLE iPhone 15 Plus (Green, 256 GB)",4.7875 Ratings & 104 Reviews,256 GB ROM,17.02 cm (6.7 inch) Super Retina XDR Display,48MP + 12MP | 12MP Front Camera,"A16 Bionic Chip, 6 Core Processor Processor"
"APPLE iPhone 15 Pro Max (White Titanium, 512 GB)",4.7237 Ratings & 21 Reviews,512 GB ROM,17.02 cm (6.7 inch) Super Retina XDR Display,48MP + 12MP + 12MP | 12MP Front Camera,"A17 Pro Chip, 6 Core Processor Processor"
"APPLE iPhone 15 Pro Max (White Titanium, 1 TB)",4.7237 Ratings & 21 Reviews,1 TB ROM,17.02 cm (6.7 inch) Super Retina XDR Display,48MP + 12MP + 12MP | 12MP Front Camera,"A17 Pro Chip, 6 Core Processor Processor"
"APPLE iPhone 13 (Starlight, 256 GB)","4.72,74,517 Ratings & 13,375 Reviews",256 GB ROM,15.49 cm (6.1 inch) Super Retina XDR Display,12MP + 12MP | 12MP Front Camera,A15 Bionic Chip Processor
"APPLE iPhone 15 Pro Max (Black Titanium, 256 GB)",4.7237 Ratings & 21 Reviews,256 GB ROM,17.02 cm (6.7 inch) Super Retina XDR Display,48MP + 12MP + 12MP | 12MP Front Camera,"A17 Pro Chip, 6 Core Processor Processor"
"APPLE iPhone 15 Pro Max (Blue Titanium, 512 GB)",4.7237 Ratings & 21 Reviews,512 GB ROM,17.02 cm (6.7 inch) Super Retina XDR Display,48MP + 12MP + 12MP | 12MP Front Camera,"A17 Pro Chip, 6 Core Processor Processor"
"APPLE iPhone 15 Pro Max (Black Titanium, 512 GB)",4.7237 Ratings & 21 Reviews,512 GB ROM,17.02 cm (6.7 inch) Super Retina XDR Display,48MP + 12MP + 12MP | 12MP Front Camera,"A17 Pro Chip, 6 Core Processor Processor"
"APPLE iPhone 15 Pro Max (Black Titanium, 1 TB)",4.7237 Ratings & 21 Reviews,1 TB ROM,17.02 cm (6.7 inch) Super Retina XDR Display,48MP + 12MP + 12MP | 12MP Front Camera,"A17 Pro Chip, 6 Core Processor Processor"
"APPLE iPhone 15 (Yellow, 256 GB)","4.61,879 Ratings & 164 Reviews",256 GB ROM,15.49 cm (6.1 inch) Super Retina XDR Display,48MP + 12MP | 12MP Front Camera,"A16 Bionic Chip, 6 Core Processor Processor"
"APPLE iPhone 15 Pro (White Titanium, 1 TB)",4.7354 Ratings & 32 Reviews,1 TB ROM,15.49 cm (6.1 inch) Super Retina XDR Display,48MP + 12MP + 12MP | 12MP Front Camera,"A17 Pro Chip, 6 Core Processor Processor"
"APPLE iPhone 13 (Starlight, 128 GB)","4.72,74,517 Ratings & 13,375 Reviews",128 GB ROM,15.49 cm (6.1 inch) Super Retina XDR Display,12MP + 12MP | 12MP Front Camera,A15 Bionic Chip Processor
"APPLE iPhone 14 (Blue, 512 GB)","4.62,46,408 Ratings & 9,466 Reviews",512 GB ROM,15.49 cm (6.1 inch) Super Retina XDR Display,12MP + 12MP | 12MP Front Camera,"A15 Bionic Chip, 6 Core Processor Processor"
"APPLE iPhone 13 (Blue, 256 GB)","4.72,74,517 Ratings & 13,375 Reviews",256 GB ROM,15.49 cm (6.1 inch) Super Retina XDR Display,12MP + 12MP | 12MP Front Camera,A15 Bionic Chip Processor
"APPLE iPhone 15 Pro (Natural Titanium, 256 GB)",4.7354 Ratings & 32 Reviews,256 GB ROM,15.49 cm (6.1 inch) Super Retina XDR Display,48MP + 12MP + 12MP | 12MP Front Camera,"A17 Pro Chip, 6 Core Processor Processor"
"APPLE iPhone 15 Plus (Blue, 512 GB)",4.7875 Ratings & 104 Reviews,512 GB ROM,17.02 cm (6.7 inch) Super Retina XDR Display,48MP + 12MP | 12MP Front Camera,"A16 Bionic Chip, 6 Core Processor Processor"
"APPLE iPhone 15 Plus (Green, 128 GB)",4.7875 Ratings & 104 Reviews,128 GB ROM,17.02 cm (6.7 inch) Super Retina XDR Display,48MP + 12MP | 12MP Front Camera,"A16 Bionic Chip, 6 Core Processor Processor"
"APPLE iPhone 13 Pro Max (Silver, 1 TB)","4.62,047 Ratings & 199 Reviews",1 TB ROM,17.02 cm (6.7 inch) Super Retina XDR Display,12MP + 12MP + 12MP | 12MP Front Camera,A15 Bionic Chip Processor
"APPLE iPhone 13 (Starlight, 512 GB)","4.72,74,517 Ratings & 13,375 Reviews",512 GB ROM,15.49 cm (6.1 inch) Super Retina XDR Display,12MP + 12MP | 12MP Front Camera,A15 Bionic Chip Processor
"APPLE iPhone 14 ((PRODUCT)RED, 128 GB)","4.62,46,408 Ratings & 9,466 Reviews",128 GB ROM,15.49 cm (6.1 inch) Super Retina XDR Display,12MP + 12MP | 12MP Front Camera,"A15 Bionic Chip, 6 Core Processor Processor"
"APPLE iPhone 15 Plus (Green, 512 GB)",4.7875 Ratings & 104 Reviews,512 GB ROM,17.02 cm (6.7 inch) Super Retina XDR Display,48MP + 12MP | 12MP Front Camera,"A16 Bionic Chip, 6 Core Processor Processor"
"APPLE iPhone 15 Plus (Yellow, 512 GB)",4.7875 Ratings & 104 Reviews,512 GB ROM,17.02 cm (6.7 inch) Super Retina XDR Display,48MP + 12MP | 12MP Front Camera,"A16 Bionic Chip, 6 Core Processor Processor"
"APPLE iPhone 14 (Midnight, 512 GB)","4.62,46,408 Ratings & 9,466 Reviews",512 GB ROM,15.49 cm (6.1 inch) Super Retina XDR Display,12MP + 12MP | 12MP Front Camera,"A15 Bionic Chip, 6 Core Processor Processor"
"APPLE iPhone 14 ((PRODUCT)RED, 512 GB)","4.62,46,408 Ratings & 9,466 Reviews",512 GB ROM,15.49 cm (6.1 inch) Super Retina XDR Display,12MP + 12MP | 12MP Front Camera,"A15 Bionic Chip, 6 Core Processor Processor"
"APPLE iPhone 12 (Blue, 256 GB)","4.62,05,338 Ratings & 13,637 Reviews",256 GB ROM,15.49 cm (6.1 inch) Super Retina XDR Display,12MP + 12MP | 12MP Front Camera,A14 Bionic Chip with Next Generation Neural Engine Processor
"APPLE iPhone 15 Pro (White Titanium, 512 GB)",4.7354 Ratings & 32 Reviews,512 GB ROM,15.49 cm (6.1 inch) Super Retina XDR Display,48MP + 12MP + 12MP | 12MP Front Camera,"A17 Pro Chip, 6 Core Processor Processor"
"APPLE iPhone 13 Pro Max (Graphite, 512 GB)","4.62,047 Ratings & 199 Reviews",512 GB ROM,17.02 cm (6.7 inch) Super Retina XDR Display,12MP + 12MP + 12MP | 12MP Front Camera,A15 Bionic Chip Processor
"APPLE iPhone 12 (Black, 256 GB)","4.62,05,338 Ratings & 13,637 Reviews",256 GB ROM,15.49 cm (6.1 inch) Super Retina XDR Display,12MP + 12MP | 12MP Front Camera,A14 Bionic Chip with Next Generation Neural Engine Processor
"APPLE iPhone 12 (White, 256 GB)","4.62,05,338 Ratings & 13,637 Reviews",256 GB ROM,15.49 cm (6.1 inch) Super Retina XDR Display,12MP + 12MP | 12MP Front Camera,A14 Bionic Chip with Next Generation Neural Engine Processor
"APPLE iPhone 14 (Purple, 512 GB)","4.62,46,408 Ratings & 9,466 Reviews",512 GB ROM,15.49 cm (6.1 inch) Super Retina XDR Display,12MP + 12MP | 12MP Front Camera,"A15 Bionic Chip, 6 Core Processor Processor"
"APPLE iPhone 11 (Purple, 64 GB)","4.62,04,056 Ratings & 11,501 Reviews",64 GB ROM,15.49 cm (6.1 inch) Liquid Retina HD Display,12MP + 12MP | 12MP Front Camera,A13 Bionic Chip Processor
"APPLE iPhone 13 Pro (Sierra Blue, 1 TB)","4.71,581 Ratings & 126 Reviews",1 TB ROM,15.49 cm (6.1 inch) Super Retina XDR Display,12MP + 12MP + 12MP | 12MP Front Camera,A15 Bionic Chip Processor
"APPLE iPhone 13 Pro Max (Sierra Blue, 1 TB)","4.62,047 Ratings & 199 Reviews",1 TB ROM,17.02 cm (6.7 inch) Super Retina XDR Display,12MP + 12MP + 12MP | 12MP Front Camera,A15 Bionic Chip Processor
"APPLE iPhone 12 (Purple, 256 GB)","4.62,05,338 Ratings & 13,637 Reviews",256 GB ROM,15.49 cm (6.1 inch) Super Retina XDR Display,12MP + 12MP | 12MP Front Camera,A14 Bionic Chip with Next Generation Neural Engine Processor
"APPLE iPhone 15 Plus (Pink, 512 GB)",4.7875 Ratings & 104 Reviews,512 GB ROM,17.02 cm (6.7 inch) Super Retina XDR Display,48MP + 12MP | 12MP Front Camera,"A16 Bionic Chip, 6 Core Processor Processor"
"APPLE iPhone 13 (Green, 256 GB)","4.72,74,517 Ratings & 13,375 Reviews",256 GB ROM,15.49 cm (6.1 inch) Super Retina XDR Display,12MP + 12MP | 12MP Front Camera,A15 Bionic Chip Processor
"APPLE iPhone 15 Pro (Black Titanium, 512 GB)",4.7354 Ratings & 32 Reviews,512 GB ROM,15.49 cm (6.1 inch) Super Retina XDR Display,48MP + 12MP + 12MP | 12MP Front Camera,"A17 Pro Chip, 6 Core Processor Processor"
"APPLE iPhone 15 (Blue, 512 GB)","4.61,879 Ratings & 164 Reviews",512 GB ROM,15.49 cm (6.1 inch) Super Retina XDR Display,48MP + 12MP | 12MP Front Camera,"A16 Bionic Chip, 6 Core Processor Processor"
"APPLE iPhone 15 Pro (Natural Titanium, 1 TB)",4.7354 Ratings & 32 Reviews,1 TB ROM,15.49 cm (6.1 inch) Super Retina XDR Display,48MP + 12MP + 12MP | 12MP Front Camera,"A17 Pro Chip, 6 Core Processor Processor"
"APPLE iPhone 15 Pro (Natural Titanium, 512 GB)",4.7354 Ratings & 32 Reviews,512 GB ROM,15.49 cm (6.1 inch) Super Retina XDR Display,48MP + 12MP + 12MP | 12MP Front Camera,"A17 Pro Chip, 6 Core Processor Processor"
"APPLE iPhone 15 Pro (Blue Titanium, 1 TB)",4.7354 Ratings & 32 Reviews,1 TB ROM,15.49 cm (6.1 inch) Super Retina XDR Display,48MP + 12MP + 12MP | 12MP Front Camera,"A17 Pro Chip, 6 Core Processor Processor"
"APPLE iPhone 13 (Pink, 256 GB)","4.72,74,517 Ratings & 13,375 Reviews",256 GB ROM,15.49 cm (6.1 inch) Super Retina XDR Display,12MP + 12MP | 12MP Front Camera,A15 Bionic Chip Processor
"APPLE iPhone 11 (Red, 64 GB)","4.62,04,056 Ratings & 11,501 Reviews",64 GB ROM,15.49 cm (6.1 inch) Liquid Retina HD Display,12MP + 12MP | 12MP Front Camera,A13 Bionic Chip Processor
"APPLE iPhone 13 ((PRODUCT)RED, 512 GB)","4.72,74,517 Ratings & 13,375 Reviews",512 GB ROM,15.49 cm (6.1 inch) Super Retina XDR Display,12MP + 12MP | 12MP Front Camera,A15 Bionic Chip Processor
"APPLE iPhone 15 (Black, 512 GB)","4.61,879 Ratings & 164 Reviews",512 GB ROM,15.49 cm (6.1 inch) Super Retina XDR Display,48MP + 12MP | 12MP Front Camera,"A16 Bionic Chip, 6 Core Processor Processor"
"APPLE iPhone 15 (Green, 512 GB)","4.61,879 Ratings & 164 Reviews",512 GB ROM,15.49 cm (6.1 inch) Super Retina XDR Display,48MP + 12MP | 12MP Front Camera,"A16 Bionic Chip, 6 Core Processor Processor"
"APPLE iPhone 13 (Midnight, 512 GB)","4.72,74,517 Ratings & 13,375 Reviews",512 GB ROM,15.49 cm (6.1 inch) Super Retina XDR Display,12MP + 12MP | 12MP Front Camera,A15 Bionic Chip Processor
"APPLE iPhone 11 Pro Max (Midnight Green, 64 GB)","4.71,102 Ratings & 100 Reviews",64 GB ROM,16.51 cm (6.5 inch) Super Retina XDR Display,12MP + 12MP + 12MP | 12MP Front Camera,A13 Bionic Chip Processor
"APPLE iPhone 11 (Green, 128 GB)","4.62,04,056 Ratings & 11,501 Reviews",128 GB ROM,15.49 cm (6.1 inch) Liquid Retina HD Display,12MP + 12MP | 12MP Front Camera,A13 Bionic Chip Processor
"APPLE iPhone 13 (Blue, 512 GB)","4.72,74,517 Ratings & 13,375 Reviews",512 GB ROM,15.49 cm (6.1 inch) Super Retina XDR Display,12MP + 12MP | 12MP Front Camera,A15 Bionic Chip Processor
"APPLE iPhone 15 (Yellow, 512 GB)","4.61,879 Ratings & 164 Reviews",512 GB ROM,15.49 cm (6.1 inch) Super Retina XDR Display,48MP + 12MP | 12MP Front Camera,"A16 Bionic Chip, 6 Core Processor Processor"
"APPLE iPhone 14 Plus (Purple, 512 GB)","4.654,589 Ratings & 3,186 Reviews",512 GB ROM,17.02 cm (6.7 inch) Super Retina XDR Display,12MP + 12MP | 12MP Front Camera,"A15 Bionic Chip, 6 Core Processor Processor"
"APPLE iPhone 11 (Yellow, 64 GB)","4.62,04,056 Ratings & 11,501 Reviews",64 GB ROM,15.49 cm (6.1 inch) Liquid Retina HD Display,12MP + 12MP | 12MP Front Camera,A13 Bionic Chip Processor
"APPLE iPhone 6 Plus (Silver, 64 GB)","4.51,674 Ratings & 199 Reviews",64 GB ROM,13.97 cm (5.5 inch) Retina HD Display,8MP Rear Camera | 1.2MP Front Camera,A8 Chip with 64-bit Architecture and M8 Motion Co-processor
"APPLE iPhone 15 (Pink, 512 GB)","4.61,879 Ratings & 164 Reviews",512 GB ROM,15.49 cm (6.1 inch) Super Retina XDR Display,48MP + 12MP | 12MP Front Camera,"A16 Bionic Chip, 6 Core Processor Processor"
"APPLE iPhone 12 Pro (Silver, 256 GB)","4.51,335 Ratings & 99 Reviews",256 GB ROM,15.49 cm (6.1 inch) Super Retina XDR Display,12MP + 12MP + 12MP | 12MP Front Camera,A14 Bionic Chip with Next Generation Neural Engine Processor
"APPLE iPhone 13 (Green, 512 GB)","4.72,74,517 Ratings & 13,375 Reviews",512 GB ROM,15.49 cm (6.1 inch) Super Retina XDR Display,12MP + 12MP | 12MP Front Camera,A15 Bionic Chip Processor
"Apple iPhone XR ((PRODUCT)RED, 64 GB) (Includes EarPods, Power Adapter)","4.61,01,021 Ratings & 8,541 Reviews",64 GB ROM,15.49 cm (6.1 inch) Display,12MP Rear Camera | 7MP Front Camera,A12 Bionic Chip Processor
"APPLE iPhone 8 Plus (Silver, 256 GB)","4.63,443 Ratings & 355 Reviews",256 GB ROM,13.97 cm (5.5 inch) Retina HD Display,12MP + 12MP | 7MP Front Camera,"A11 Bionic Chip with 64-bit Architecture, Neural Engine, Embedded M11 Motion Coprocessor Processor"
"APPLE iPhone 8 Plus (Gold, 64 GB)","4.63,443 Ratings & 355 Reviews",64 GB ROM,13.97 cm (5.5 inch) Retina HD Display,12MP + 12MP | 7MP Front Camera,"A11 Bionic Chip with 64-bit Architecture, Neural Engine, Embedded M11 Motion Coprocessor Processor"
"APPLE iPhone 6s Plus (Gold, 32 GB)","4.418,838 Ratings & 2,368 Reviews",32 GB ROM,13.97 cm (5.5 inch) Retina HD Display,12MP Rear Camera | 5MP Front Camera,Apple A9 64-bit processor and Embedded M9 Motion Co-processor
"APPLE iPhone 6s Plus (Space Grey, 16 GB)","4.418,838 Ratings & 2,368 Reviews",16 GB ROM,13.97 cm (5.5 inch) Retina HD Display,12MP Rear Camera | 5MP Front Camera,Apple A9 64-bit processor and Embedded M9 Motion Co-processor
"APPLE iPhone 7 Plus (Gold, 128 GB)","4.529,846 Ratings & 2,991 Reviews",128 GB ROM,13.94 cm (5.488 inch) Retina HD Display,12MP + 12MP | 7MP Front Camera,Apple A10 Fusion 64-bit processor and Embedded M10 Motion Co-processor
"APPLE iPhone XS Max (Space Grey, 64 GB)","4.61,453 Ratings & 146 Reviews",64 GB ROM,16.51 cm (6.5 inch) Super Retina HD Display,12MP + 12MP | 7MP Front Camera,A12 Bionic Chip Processor
"APPLE iPhone 5s (Space Grey, 16 GB)","4.462,789 Ratings & 7,331 Reviews",16 GB ROM,10.16 cm (4 inch) Retina Display,8MP Rear Camera | 1.2MP Front Camera,Apple A7 64-bit processor and M7 Motion Co-processor
"APPLE iPhone 6 (Gold, 32 GB)","4.41,45,596 Ratings & 16,198 Reviews",32 GB ROM,11.94 cm (4.7 inch) Retina HD Display,8MP Rear Camera | 1.2MP Front Camera,A8 Chip with 64-bit Architecture and M8 Motion Co-processor
"APPLE iPhone 13 mini ((PRODUCT)RED, 512 GB)","4.53,751 Ratings & 328 Reviews",512 GB ROM,13.72 cm (5.4 inch) Super Retina XDR Display,12MP + 12MP | 12MP Front Camera,A15 Bionic Chip Processor
"APPLE iPhone 8 (Space Grey, 256 GB)","4.511,394 Ratings & 802 Reviews",256 GB ROM,11.94 cm (4.7 inch) Retina HD Display,12MP Rear Camera | 7MP Front Camera,"A11 Bionic Chip with 64-bit Architecture, Neural Engine, Embedded M11 Motion Coprocessor Processor"
"APPLE iPhone 8 (Gold, 256 GB)","4.511,394 Ratings & 802 Reviews",256 GB ROM,11.94 cm (4.7 inch) Retina HD Display,12MP Rear Camera | 7MP Front Camera,"A11 Bionic Chip with 64-bit Architecture, Neural Engine, Embedded M11 Motion Coprocessor Processor"
"APPLE iPhone 8 Plus (Space Grey, 64 GB)","4.63,443 Ratings & 355 Reviews",64 GB ROM,13.97 cm (5.5 inch) Retina HD Display,12MP + 12MP | 7MP Front Camera,"A11 Bionic Chip with 64-bit Architecture, Neural Engine, Embedded M11 Motion Coprocessor Processor"
"APPLE iPhone 8 Plus (Silver, 64 GB)","4.63,443 Ratings & 355 Reviews",64 GB ROM,13.97 cm (5.5 inch) Retina HD Display,12MP + 12MP | 7MP Front Camera,"A11 Bionic Chip with 64-bit Architecture, Neural Engine, Embedded M11 Motion Coprocessor Processor"
"APPLE iPhone 13 mini (Pink, 256 GB)","4.53,751 Ratings & 328 Reviews",256 GB ROM,13.72 cm (5.4 inch) Super Retina XDR Display,12MP + 12MP | 12MP Front Camera,A15 Bionic Chip Processor
"APPLE iPhone 8 (Silver, 256 GB)","4.511,394 Ratings & 802 Reviews",256 GB ROM,11.94 cm (4.7 inch) Retina HD Display,12MP Rear Camera | 7MP Front Camera,"A11 Bionic Chip with 64-bit Architecture, Neural Engine, Embedded M11 Motion Coprocessor Processor"
"APPLE iPhone 8 Plus (Space Grey, 256 GB)","4.63,443 Ratings & 355 Reviews",256 GB ROM,13.97 cm (5.5 inch) Retina HD Display,12MP + 12MP | 7MP Front Camera,"A11 Bionic Chip with 64-bit Architecture, Neural Engine, Embedded M11 Motion Coprocessor Processor"
"APPLE iPhone 8 (Gold, 64 GB)","4.511,394 Ratings & 802 Reviews",64 GB ROM,11.94 cm (4.7 inch) Retina HD Display,12MP Rear Camera | 7MP Front Camera,"A11 Bionic Chip with 64-bit Architecture, Neural Engine, Embedded M11 Motion Coprocessor Processor"
"APPLE iPhone 12 (Green, 128 GB)","4.62,05,338 Ratings & 13,637 Reviews",128 GB ROM,15.49 cm (6.1 inch) Super Retina XDR Display,12MP + 12MP | 12MP Front Camera,A14 Bionic Chip with Next Generation Neural Engine Processor
"APPLE iPhone 12 (Purple, 128 GB)","4.62,05,338 Ratings & 13,637 Reviews",128 GB ROM,15.49 cm (6.1 inch) Super Retina XDR Display,12MP + 12MP | 12MP Front Camera,A14 Bionic Chip with Next Generation Neural Engine Processor
"APPLE iPhone 11 (White, 128 GB)","4.62,04,056 Ratings & 11,501 Reviews",128 GB ROM,15.49 cm (6.1 inch) Liquid Retina HD Display,12MP + 12MP | 12MP Front Camera,A13 Bionic Chip Processor
"Apple iPhone XR (Yellow, 64 GB) (Includes EarPods, Power Adapter)","4.61,01,021 Ratings & 8,541 Reviews",64 GB ROM,15.49 cm (6.1 inch) Display,12MP Rear Camera | 7MP Front Camera,A12 Bionic Chip Processor
"APPLE iPhone 11 (Black, 128 GB)","4.62,04,056 Ratings & 11,501 Reviews",128 GB ROM,15.49 cm (6.1 inch) Liquid Retina HD Display,12MP + 12MP | 12MP Front Camera,A13 Bionic Chip Processor
"APPLE iPhone 13 mini (Green, 256 GB)","4.53,751 Ratings & 328 Reviews",256 GB ROM,13.72 cm (5.4 inch) Super Retina XDR Display,12MP + 12MP | 12MP Front Camera,A15 Bionic Chip Processor
"APPLE iPhone 15 Pro Max (Natural Titanium, 1 TB)",4.7237 Ratings & 21 Reviews,1 TB ROM,17.02 cm (6.7 inch) Super Retina XDR Display,48MP + 12MP + 12MP | 12MP Front Camera,"A17 Pro Chip, 6 Core Processor Processor"
"APPLE iPhone 14 Plus ((PRODUCT)RED, 128 GB)","4.654,589 Ratings & 3,186 Reviews",128 GB ROM,17.02 cm (6.7 inch) Super Retina XDR Display,12MP + 12MP | 12MP Front Camera,"A15 Bionic Chip, 6 Core Processor Processor"
"APPLE iPhone 12 (Purple, 64 GB)","4.62,05,338 Ratings & 13,637 Reviews",64 GB ROM,15.49 cm (6.1 inch) Super Retina XDR Display,12MP + 12MP | 12MP Front Camera,A14 Bionic Chip with Next Generation Neural Engine Processor
"APPLE iPhone 12 (Red, 64 GB)","4.62,05,338 Ratings & 13,637 Reviews",64 GB ROM,15.49 cm (6.1 inch) Super Retina XDR Display,12MP + 12MP | 12MP Front Camera,A14 Bionic Chip with Next Generation Neural Engine Processor
"APPLE iPhone 15 Pro Max (White Titanium, 1 TB)",4.7237 Ratings & 21 Reviews,1 TB ROM,17.02 cm (6.7 inch) Super Retina XDR Display,48MP + 12MP + 12MP | 12MP Front Camera,"A17 Pro Chip, 6 Core Processor Processor"
"APPLE iPhone 15 Pro Max (Blue Titanium, 1 TB)",4.7237 Ratings & 21 Reviews,1 TB ROM,17.02 cm (6.7 inch) Super Retina XDR Display,48MP + 12MP + 12MP | 12MP Front Camera,"A17 Pro Chip, 6 Core Processor Processor"
"APPLE iPhone 13 (Green, 128 GB)","4.72,74,517 Ratings & 13,375 Reviews",128 GB ROM,15.49 cm (6.1 inch) Super Retina XDR Display,12MP + 12MP | 12MP Front Camera,A15 Bionic Chip Processor
"APPLE iPhone 14 Plus (Starlight, 512 GB)","4.654,589 Ratings & 3,186 Reviews",512 GB ROM,17.02 cm (6.7 inch) Super Retina XDR Display,12MP + 12MP | 12MP Front Camera,"A15 Bionic Chip, 6 Core Processor Processor"
"APPLE iPhone 13 Pro Max (Gold, 256 GB)","4.62,047 Ratings & 199 Reviews",256 GB ROM,17.02 cm (6.7 inch) Super Retina XDR Display,12MP + 12MP + 12MP | 12MP Front Camera,A15 Bionic Chip Processor
"APPLE iPhone 13 Pro (Alpine Green, 1 TB)","4.71,581 Ratings & 126 Reviews",1 TB ROM,15.49 cm (6.1 inch) Super Retina XDR Display,12MP + 12MP + 12MP | 12MP Front Camera,A15 Bionic Chip Processor
"APPLE iPhone 13 Pro Max (Alpine Green, 512 GB)","4.62,047 Ratings & 199 Reviews",512 GB ROM,17.02 cm (6.7 inch) Super Retina XDR Display,12MP + 12MP + 12MP | 12MP Front Camera,A15 Bionic Chip Processor
"APPLE iPhone 13 Pro Max (Alpine Green, 128 GB)","4.62,047 Ratings & 199 Reviews",128 GB ROM,17.02 cm (6.7 inch) Super Retina XDR Display,12MP + 12MP + 12MP | 12MP Front Camera,A15 Bionic Chip Processor
"APPLE iPhone 14 (Yellow, 256 GB)","4.62,46,408 Ratings & 9,466 Reviews",256 GB ROM,15.49 cm (6.1 inch) Super Retina XDR Display,12MP + 12MP | 12MP Front Camera,"A15 Bionic Chip, 6 Core Processor Processor"
"APPLE iPhone SE 3rd Gen (Midnight, 128 GB)","4.41,298 Ratings & 131 Reviews",128 GB ROM,11.94 cm (4.7 inch) Retina HD Display,12MP Rear Camera | 7MP Front Camera,"A15 Bionic Chip, 6 Core Processor Processor"
"APPLE iPhone 14 Pro Max (Gold, 256 GB)","4.62,325 Ratings & 171 Reviews",256 GB ROM,17.02 cm (6.7 inch) Super Retina XDR Display,48MP + 12MP + 12MP | 12MP Front Camera,"A16 Bionic Chip, 6 Core Processor Processor"
"APPLE iPhone 13 Pro (Gold, 1 TB)","4.71,581 Ratings & 126 Reviews",1 TB ROM,15.49 cm (6.1 inch) Super Retina XDR Display,12MP + 12MP + 12MP | 12MP Front Camera,A15 Bionic Chip Processor
"APPLE iPhone 14 Pro (Deep Purple, 256 GB)","4.62,100 Ratings & 149 Reviews",256 GB ROM,15.49 cm (6.1 inch) Super Retina XDR Display,48MP + 12MP + 12MP | 12MP Front Camera,"A16 Bionic Chip, 6 Core Processor Processor"
"APPLE iPhone SE (White, 64 GB)","4.51,54,746 Ratings & 12,073 Reviews",64 GB ROM,11.94 cm (4.7 inch) Retina HD Display,12MP Rear Camera | 7MP Front Camera,A13 Bionic Chip with 3rd Gen Neural Engine Processor
"APPLE iPhone 14 (Yellow, 128 GB)","4.62,46,408 Ratings & 9,466 Reviews",128 GB ROM,15.49 cm (6.1 inch) Super Retina XDR Display,12MP + 12MP | 12MP Front Camera,"A15 Bionic Chip, 6 Core Processor Processor"
"APPLE iPhone 13 ((PRODUCT)RED, 256 GB)","4.72,74,517 Ratings & 13,375 Reviews",256 GB ROM,15.49 cm (6.1 inch) Super Retina XDR Display,12MP + 12MP | 12MP Front Camera,A15 Bionic Chip Processor
"APPLE iPhone 14 (Yellow, 512 GB)","4.62,46,408 Ratings & 9,466 Reviews",512 GB ROM,15.49 cm (6.1 inch) Super Retina XDR Display,12MP + 12MP | 12MP Front Camera,"A15 Bionic Chip, 6 Core Processor Processor"
"APPLE iPhone 12 (Green, 256 GB)","4.62,05,338 Ratings & 13,637 Reviews",256 GB ROM,15.49 cm (6.1 inch) Super Retina XDR Display,12MP + 12MP | 12MP Front Camera,A14 Bionic Chip with Next Generation Neural Engine Processor
"APPLE iPhone 13 (Pink, 512 GB)","4.72,74,517 Ratings & 13,375 Reviews",512 GB ROM,15.49 cm (6.1 inch) Super Retina XDR Display,12MP + 12MP | 12MP Front Camera,A15 Bionic Chip Processor
"APPLE iPhone 14 Pro (Silver, 512 GB)","4.62,100 Ratings & 149 Reviews",512 GB ROM,15.49 cm (6.1 inch) Super Retina XDR Display,48MP + 12MP + 12MP | 12MP Front Camera,"A16 Bionic Chip, 6 Core Processor Processor"
"APPLE iPhone 11 Pro (Gold, 512 GB)","4.68,695 Ratings & 629 Reviews",512 GB ROM,14.73 cm (5.8 inch) Super Retina XDR Display,12MP + 12MP + 12MP | 12MP Front Camera,A13 Bionic Chip Processor
"APPLE iPhone SE 3rd Gen (Product (Red), 64 GB)","4.41,298 Ratings & 131 Reviews",64 GB ROM,11.94 cm (4.7 inch) Retina HD Display,12MP Rear Camera | 7MP Front Camera,"A15 Bionic Chip, 6 Core Processor Processor"
"APPLE iPhone 13 Pro Max (Gold, 512 GB)","4.62,047 Ratings & 199 Reviews",512 GB ROM,17.02 cm (6.7 inch) Super Retina XDR Display,12MP + 12MP + 12MP | 12MP Front Camera,A15 Bionic Chip Processor
"APPLE iPhone 14 Pro (Silver, 1 TB)","4.62,100 Ratings & 149 Reviews",1 TB ROM,15.49 cm (6.1 inch) Super Retina XDR Display,48MP + 12MP + 12MP | 12MP Front Camera,"A16 Bionic Chip, 6 Core Processor Processor"
"APPLE iPhone SE 3rd Gen (Midnight, 64 GB)","4.41,298 Ratings & 131 Reviews",64 GB ROM,11.94 cm (4.7 inch) Retina HD Display,12MP Rear Camera | 7MP Front Camera,"A15 Bionic Chip, 6 Core Processor Processor"
"APPLE iPhone 13 Pro (Silver, 512 GB)","4.71,581 Ratings & 126 Reviews",512 GB ROM,15.49 cm (6.1 inch) Super Retina XDR Display,12MP + 12MP + 12MP | 12MP Front Camera,A15 Bionic Chip Processor
"APPLE iPhone 14 Pro (Space Black, 1 TB)","4.62,100 Ratings & 149 Reviews",1 TB ROM,15.49 cm (6.1 inch) Super Retina XDR Display,48MP + 12MP + 12MP | 12MP Front Camera,"A16 Bionic Chip, 6 Core Processor Processor"
"APPLE iPhone 14 Pro (Space Black, 1 TB)","4.62,100 Ratings & 149 Reviews",1 TB ROM,15.49 cm (6.1 inch) Super Retina XDR Display,48MP + 12MP + 12MP | 12MP Front Camera,"A16 Bionic Chip, 6 Core Processor Processor"
"APPLE iPhone 13 Pro Max (Gold, 1 TB)","4.62,047 Ratings & 199 Reviews",1 TB ROM,17.02 cm (6.7 inch) Super Retina XDR Display,12MP + 12MP + 12MP | 12MP Front Camera,A15 Bionic Chip Processor
"APPLE iPhone 13 mini (Midnight, 512 GB)","4.53,751 Ratings & 328 Reviews",512 GB ROM,13.72 cm (5.4 inch) Super Retina XDR Display,12MP + 12MP | 12MP Front Camera,A15 Bionic Chip Processor
"APPLE iPhone 14 Pro (Gold, 256 GB)","4.62,100 Ratings & 149 Reviews",256 GB ROM,15.49 cm (6.1 inch) Super Retina XDR Display,48MP + 12MP + 12MP | 12MP Front Camera,"A16 Bionic Chip, 6 Core Processor Processor"
"APPLE iPhone 13 Pro Max (Sierra Blue, 512 GB)","4.62,047 Ratings & 199 Reviews",512 GB ROM,17.02 cm (6.7 inch) Super Retina XDR Display,12MP + 12MP + 12MP | 12MP Front Camera,A15 Bionic Chip Processor
"APPLE iPhone 13 mini (Green, 512 GB)","4.53,751 Ratings & 328 Reviews",512 GB ROM,13.72 cm (5.4 inch) Super Retina XDR Display,12MP + 12MP | 12MP Front Camera,A15 Bionic Chip Processor
"APPLE iPhone 14 Plus ((PRODUCT)RED, 512 GB)","4.654,589 Ratings & 3,186 Reviews",512 GB ROM,17.02 cm (6.7 inch) Super Retina XDR Display,12MP + 12MP | 12MP Front Camera,"A15 Bionic Chip, 6 Core Processor Processor"
"APPLE iPhone 12 mini (Purple, 128 GB)","4.51,30,174 Ratings & 10,292 Reviews",128 GB ROM,13.72 cm (5.4 inch) Super Retina XDR Display,12MP + 12MP | 12MP Front Camera,A14 Bionic Chip with Next Generation Neural Engine Processor
"APPLE iPhone 15 Pro (Black Titanium, 1 TB)",4.7354 Ratings & 32 Reviews,1 TB ROM,15.49 cm (6.1 inch) Super Retina XDR Display,48MP + 12MP + 12MP | 12MP Front Camera,"A17 Pro Chip, 6 Core Processor Processor"
"APPLE iPhone SE 3rd Gen (Starlight, 256 GB)","4.41,298 Ratings & 131 Reviews",256 GB ROM,11.94 cm (4.7 inch) Retina HD Display,12MP Rear Camera | 7MP Front Camera,"A15 Bionic Chip, 6 Core Processor Processor"
"APPLE iPhone 14 Pro (Deep Purple, 512 GB)","4.62,100 Ratings & 149 Reviews",512 GB ROM,15.49 cm (6.1 inch) Super Retina XDR Display,48MP + 12MP + 12MP | 12MP Front Camera,"A16 Bionic Chip, 6 Core Processor Processor"
"APPLE iPhone 13 Pro Max (Graphite, 1 TB)","4.62,047 Ratings & 199 Reviews",1 TB ROM,17.02 cm (6.7 inch) Super Retina XDR Display,12MP + 12MP + 12MP | 12MP Front Camera,A15 Bionic Chip Processor
"APPLE iPhone 13 mini (Green, 128 GB)","4.53,751 Ratings & 328 Reviews",128 GB ROM,13.72 cm (5.4 inch) Super Retina XDR Display,12MP + 12MP | 12MP Front Camera,A15 Bionic Chip Processor
"APPLE iPhone 14 Pro (Silver, 256 GB)","4.62,100 Ratings & 149 Reviews",256 GB ROM,15.49 cm (6.1 inch) Super Retina XDR Display,48MP + 12MP + 12MP | 12MP Front Camera,"A16 Bionic Chip, 6 Core Processor Processor"
"APPLE iPhone 14 Pro (Space Black, 512 GB)","4.62,100 Ratings & 149 Reviews",512 GB ROM,15.49 cm (6.1 inch) Super Retina XDR Display,48MP + 12MP + 12MP | 12MP Front Camera,"A16 Bionic Chip, 6 Core Processor Processor"
"APPLE iPhone SE 3rd Gen (Product (Red), 256 GB)","4.41,298 Ratings & 131 Reviews",256 GB ROM,11.94 cm (4.7 inch) Retina HD Display,12MP Rear Camera | 7MP Front Camera,"A15 Bionic Chip, 6 Core Processor Processor"
"APPLE iPhone 13 Pro (Silver, 1 TB)","4.71,581 Ratings & 126 Reviews",1 TB ROM,15.49 cm (6.1 inch) Super Retina XDR Display,12MP + 12MP + 12MP | 12MP Front Camera,A15 Bionic Chip Processor
"APPLE iPhone 14 Plus ((PRODUCT)RED, 256 GB)","4.654,589 Ratings & 3,186 Reviews",256 GB ROM,17.02 cm (6.7 inch) Super Retina XDR Display,12MP + 12MP | 12MP Front Camera,"A15 Bionic Chip, 6 Core Processor Processor"
"APPLE iPhone 14 Plus (Midnight, 256 GB)","4.654,589 Ratings & 3,186 Reviews",256 GB ROM,17.02 cm (6.7 inch) Super Retina XDR Display,12MP + 12MP | 12MP Front Camera,"A15 Bionic Chip, 6 Core Processor Processor"
"APPLE iPhone 14 Pro Max (Space Black, 1 TB)","4.62,325 Ratings & 171 Reviews",1 TB ROM,17.02 cm (6.7 inch) Super Retina XDR Display,48MP + 12MP + 12MP | 12MP Front Camera,"A16 Bionic Chip, 6 Core Processor Processor"
"APPLE iPhone SE 3rd Gen (Product (Red), 128 GB)","4.41,298 Ratings & 131 Reviews",128 GB ROM,11.94 cm (4.7 inch) Retina HD Display,12MP Rear Camera | 7MP Front Camera,"A15 Bionic Chip, 6 Core Processor Processor"
"APPLE iPhone 14 Pro Max (Deep Purple, 256 GB)","4.62,325 Ratings & 171 Reviews",256 GB ROM,17.02 cm (6.7 inch) Super Retina XDR Display,48MP + 12MP + 12MP | 12MP Front Camera,"A16 Bionic Chip, 6 Core Processor Processor"
"APPLE iPhone 13 Pro Max (Gold, 128 GB)","4.62,047 Ratings & 199 Reviews",128 GB ROM,17.02 cm (6.7 inch) Super Retina XDR Display,12MP + 12MP + 12MP | 12MP Front Camera,A15 Bionic Chip Processor
"APPLE iPhone 14 Plus (Yellow, 256 GB)","4.654,589 Ratings & 3,186 Reviews",256 GB ROM,17.02 cm (6.7 inch) Super Retina XDR Display,12MP + 12MP | 12MP Front Camera,"A15 Bionic Chip, 6 Core Processor Processor"
"APPLE iPhone 11 (Red, 128 GB)","4.62,04,056 Ratings & 11,501 Reviews",128 GB ROM,15.49 cm (6.1 inch) Liquid Retina HD Display,12MP + 12MP | 12MP Front Camera,A13 Bionic Chip Processor
"APPLE iPhone 13 Pro (Graphite, 512 GB)","4.71,581 Ratings & 126 Reviews",512 GB ROM,15.49 cm (6.1 inch) Super Retina XDR Display,12MP + 12MP + 12MP | 12MP Front Camera,A15 Bionic Chip Processor
"APPLE iPhone 13 Pro (Graphite, 1 TB)","4.71,581 Ratings & 126 Reviews",1 TB ROM,15.49 cm (6.1 inch) Super Retina XDR Display,12MP + 12MP + 12MP | 12MP Front Camera,A15 Bionic Chip Processor
"APPLE iPhone 14 Plus (Yellow, 128 GB)","4.654,589 Ratings & 3,186 Reviews",128 GB ROM,17.02 cm (6.7 inch) Super Retina XDR Display,12MP + 12MP | 12MP Front Camera,"A15 Bionic Chip, 6 Core Processor Processor"
"APPLE iPhone 14 Plus (Midnight, 512 GB)","4.654,589 Ratings & 3,186 Reviews",512 GB ROM,17.02 cm (6.7 inch) Super Retina XDR Display,12MP + 12MP | 12MP Front Camera,"A15 Bionic Chip, 6 Core Processor Processor"
"APPLE iPhone 13 Pro (Alpine Green, 512 GB)","4.71,581 Ratings & 126 Reviews",512 GB ROM,15.49 cm (6.1 inch) Super Retina XDR Display,12MP + 12MP + 12MP | 12MP Front Camera,A15 Bionic Chip Processor
"APPLE iPhone SE 3rd Gen (Starlight, 128 GB)","4.41,298 Ratings & 131 Reviews",128 GB ROM,11.94 cm (4.7 inch) Retina HD Display,12MP Rear Camera | 7MP Front Camera,"A15 Bionic Chip, 6 Core Processor Processor"
"APPLE iPhone 11 Pro (Space Grey, 512 GB)","4.68,695 Ratings & 629 Reviews",512 GB ROM,14.73 cm (5.8 inch) Super Retina XDR Display,12MP + 12MP + 12MP | 12MP Front Camera,A13 Bionic Chip Processor
"APPLE iPhone 12 mini (Green, 64 GB)","4.51,30,174 Ratings & 10,292 Reviews",64 GB ROM,13.72 cm (5.4 inch) Super Retina XDR Display,12MP + 12MP | 12MP Front Camera,A14 Bionic Chip with Next Generation Neural Engine Processor
"APPLE iPhone 13 Pro Max (Alpine Green, 1 TB)","4.62,047 Ratings & 199 Reviews",1 TB ROM,17.02 cm (6.7 inch) Super Retina XDR Display,12MP + 12MP + 12MP | 12MP Front Camera,A15 Bionic Chip Processor
"APPLE iPhone 12 (Red, 256 GB)","4.62,05,338 Ratings & 13,637 Reviews",256 GB ROM,15.49 cm (6.1 inch) Super Retina XDR Display,12MP + 12MP | 12MP Front Camera,A14 Bionic Chip with Next Generation Neural Engine Processor
"APPLE iPhone 12 mini (Purple, 256 GB)","4.51,30,174 Ratings & 10,292 Reviews",256 GB ROM,13.72 cm (5.4 inch) Super Retina XDR Display,12MP + 12MP | 12MP Front Camera,A14 Bionic Chip with Next Generation Neural Engine Processor
"APPLE iPhone 13 Pro Max (Graphite, 256 GB)","4.62,047 Ratings & 199 Reviews",256 GB ROM,17.02 cm (6.7 inch) Super Retina XDR Display,12MP + 12MP + 12MP | 12MP Front Camera,A15 Bionic Chip Processor
"APPLE iPhone 13 mini (Midnight, 256 GB)","4.53,751 Ratings & 328 Reviews",256 GB ROM,13.72 cm (5.4 inch) Super Retina XDR Display,12MP + 12MP | 12MP Front Camera,A15 Bionic Chip Processor
"APPLE iPhone 13 Pro (Sierra Blue, 512 GB)","4.71,581 Ratings & 126 Reviews",512 GB ROM,15.49 cm (6.1 inch) Super Retina XDR Display,12MP + 12MP + 12MP | 12MP Front Camera,A15 Bionic Chip Processor
"APPLE iPhone 11 Pro Max (Silver, 64 GB)","4.71,102 Ratings & 100 Reviews",64 GB ROM,16.51 cm (6.5 inch) Super Retina XDR Display,12MP + 12MP + 12MP | 12MP Front Camera,A13 Bionic Chip Processor
"APPLE iPhone 13 mini (Blue, 256 GB)","4.53,751 Ratings & 328 Reviews",256 GB ROM,13.72 cm (5.4 inch) Super Retina XDR Display,12MP + 12MP | 12MP Front Camera,A15 Bionic Chip Processor
"APPLE iPhone SE (Black, 256 GB)","4.51,54,746 Ratings & 12,073 Reviews",256 GB ROM,11.94 cm (4.7 inch) Retina HD Display,12MP Rear Camera | 7MP Front Camera,A13 Bionic Chip with 3rd Gen Neural Engine Processor
"APPLE iPhone 14 Pro (Space Black, 256 GB)","4.62,100 Ratings & 149 Reviews",256 GB ROM,15.49 cm (6.1 inch) Super Retina XDR Display,48MP + 12MP + 12MP | 12MP Front Camera,"A16 Bionic Chip, 6 Core Processor Processor"
"APPLE iPhone 13 Pro Max (Sierra Blue, 256 GB)","4.62,047 Ratings & 199 Reviews",256 GB ROM,17.02 cm (6.7 inch) Super Retina XDR Display,12MP + 12MP + 12MP | 12MP Front Camera,A15 Bionic Chip Processor
"APPLE iPhone 13 Pro Max (Silver, 256 GB)","4.62,047 Ratings & 199 Reviews",256 GB ROM,17.02 cm (6.7 inch) Super Retina XDR Display,12MP + 12MP + 12MP | 12MP Front Camera,A15 Bionic Chip Processor
"APPLE iPhone 11 (Green, 64 GB)","4.62,04,056 Ratings & 11,501 Reviews",64 GB ROM,15.49 cm (6.1 inch) Liquid Retina HD Display,12MP + 12MP | 12MP Front Camera,A13 Bionic Chip Processor
"APPLE iPhone 6 Plus (Silver, 128 GB)","4.51,674 Ratings & 199 Reviews",128 GB ROM,13.97 cm (5.5 inch) Retina HD Display,8MP Rear Camera | 1.2MP Front Camera,A8 Chip with 64-bit Architecture and M8 Motion Co-processor
"APPLE iPhone 14 Pro (Gold, 512 GB)","4.62,100 Ratings & 149 Reviews",512 GB ROM,15.49 cm (6.1 inch) Super Retina XDR Display,48MP + 12MP + 12MP | 12MP Front Camera,"A16 Bionic Chip, 6 Core Processor Processor"
"APPLE iPhone 14 Pro Max (Deep Purple, 1 TB)","4.62,325 Ratings & 171 Reviews",1 TB ROM,17.02 cm (6.7 inch) Super Retina XDR Display,48MP + 12MP + 12MP | 12MP Front Camera,"A16 Bionic Chip, 6 Core Processor Processor"
"APPLE iPhone 13 ((PRODUCT)RED, 128 GB)","4.72,74,517 Ratings & 13,375 Reviews",128 GB ROM,15.49 cm (6.1 inch) Super Retina XDR Display,12MP + 12MP | 12MP Front Camera,A15 Bionic Chip Processor
"APPLE iPhone 14 Plus (Purple, 512 GB)","4.654,589 Ratings & 3,186 Reviews",512 GB ROM,17.02 cm (6.7 inch) Super Retina XDR Display,12MP + 12MP | 12MP Front Camera,"A15 Bionic Chip, 6 Core Processor Processor"
"APPLE iPhone 12 Pro Max (Gold, 128 GB)","4.51,272 Ratings & 102 Reviews",128 GB ROM,17.02 cm (6.7 inch) Super Retina XDR Display,12MP + 12MP + 12MP | 12MP Front Camera,A14 Bionic Chip with Next Generation Neural Engine Processor
"APPLE iPhone 13 mini ((PRODUCT)RED, 128 GB)","4.53,751 Ratings & 328 Reviews",128 GB ROM,13.72 cm (5.4 inch) Super Retina XDR Display,12MP + 12MP | 12MP Front Camera,A15 Bionic Chip Processor
"APPLE iPhone 14 Pro (Gold, 512 GB)","4.62,100 Ratings & 149 Reviews",512 GB ROM,15.49 cm (6.1 inch) Super Retina XDR Display,48MP + 12MP + 12MP | 12MP Front Camera,"A16 Bionic Chip, 6 Core Processor Processor"
"APPLE iPhone 13 Pro Max (Silver, 512 GB)","4.62,047 Ratings & 199 Reviews",512 GB ROM,17.02 cm (6.7 inch) Super Retina XDR Display,12MP + 12MP + 12MP | 12MP Front Camera,A15 Bionic Chip Processor
"Apple iPhone XR (Blue, 64 GB) (Includes EarPods, Power Adapter)","4.61,01,021 Ratings & 8,541 Reviews",64 GB ROM,15.49 cm (6.1 inch) Display,12MP Rear Camera | 7MP Front Camera,A12 Bionic Chip Processor
"APPLE iPhone SE 3rd Gen (Starlight, 128 GB)","4.41,298 Ratings & 131 Reviews",128 GB ROM,11.94 cm (4.7 inch) Retina HD Display,12MP Rear Camera | 7MP Front Camera,"A15 Bionic Chip, 6 Core Processor Processor"
"APPLE iPhone 6s Plus (Silver, 64 GB)","4.418,838 Ratings & 2,368 Reviews",64 GB ROM,13.97 cm (5.5 inch) Retina HD Display,12MP Rear Camera | 5MP Front Camera,A9 Chip with 64-bit Architecture and M9 Motion Co-processor
"APPLE iPhone SE (White, 256 GB)","4.51,54,746 Ratings & 12,073 Reviews",256 GB ROM,11.94 cm (4.7 inch) Retina HD Display,12MP Rear Camera | 7MP Front Camera,A13 Bionic Chip with 3rd Gen Neural Engine Processor
"APPLE iPhone 14 Pro Max (Gold, 512 GB)","4.62,325 Ratings & 171 Reviews",512 GB ROM,17.02 cm (6.7 inch) Super Retina XDR Display,48MP + 12MP + 12MP | 12MP Front Camera,"A16 Bionic Chip, 6 Core Processor Processor"
"APPLE iPhone 12 mini (Black, 64 GB)","4.51,30,174 Ratings & 10,292 Reviews",64 GB ROM,13.72 cm (5.4 inch) Super Retina XDR Display,12MP + 12MP | 12MP Front Camera,A14 Bionic Chip with Next Generation Neural Engine Processor
"APPLE iPhone 11 (Yellow, 128 GB)","4.62,04,056 Ratings & 11,501 Reviews",128 GB ROM,15.49 cm (6.1 inch) Liquid Retina HD Display,12MP + 12MP | 12MP Front Camera,A13 Bionic Chip Processor
"APPLE iPhone 12 mini (Blue, 128 GB)","4.51,30,174 Ratings & 10,292 Reviews",128 GB ROM,13.72 cm (5.4 inch) Super Retina XDR Display,12MP + 12MP | 12MP Front Camera,A14 Bionic Chip with Next Generation Neural Engine Processor
"Apple iPhone XR (White, 256 GB) (Includes EarPods, Power Adapter)","4.61,01,021 Ratings & 8,541 Reviews",256 GB ROM,15.49 cm (6.1 inch) Display,12MP Rear Camera | 7MP Front Camera,A12 Bionic Chip Processor
"APPLE iPhone XS Max (Gold, 64 GB)","4.61,453 Ratings & 146 Reviews",64 GB ROM,16.51 cm (6.5 inch) Super Retina HD Display,12MP + 12MP | 7MP Front Camera,A12 Bionic Chip Processor
"APPLE iPhone 14 Pro Max (Silver, 512 GB)","4.62,325 Ratings & 171 Reviews",512 GB ROM,17.02 cm (6.7 inch) Super Retina XDR Display,48MP + 12MP + 12MP | 12MP Front Camera,"A16 Bionic Chip, 6 Core Processor Processor"
"APPLE iPhone 14 Pro Max (Deep Purple, 512 GB)","4.62,325 Ratings & 171 Reviews",512 GB ROM,17.02 cm (6.7 inch) Super Retina XDR Display,48MP + 12MP + 12MP | 12MP Front Camera,"A16 Bionic Chip, 6 Core Processor Processor"
"APPLE iPhone 13 Pro (Graphite, 128 GB)","4.71,581 Ratings & 126 Reviews",128 GB ROM,15.49 cm (6.1 inch) Super Retina XDR Display,12MP + 12MP + 12MP | 12MP Front Camera,A15 Bionic Chip Processor
"APPLE iPhone 11 Pro Max (Gold, 64 GB)","4.71,102 Ratings & 100 Reviews",64 GB ROM,16.51 cm (6.5 inch) Super Retina XDR Display,12MP + 12MP + 12MP | 12MP Front Camera,A13 Bionic Chip Processor
"APPLE iPhone 13 Pro (Gold, 128 GB)","4.71,581 Ratings & 126 Reviews",128 GB ROM,15.49 cm (6.1 inch) Super Retina XDR Display,12MP + 12MP + 12MP | 12MP Front Camera,A15 Bionic Chip Processor
"APPLE iPhone 13 Pro (Sierra Blue, 256 GB)","4.71,581 Ratings & 126 Reviews",256 GB ROM,15.49 cm (6.1 inch) Super Retina XDR Display,12MP + 12MP + 12MP | 12MP Front Camera,A15 Bionic Chip Processor
"APPLE iPhone 12 mini (Purple, 64 GB)","4.51,30,174 Ratings & 10,292 Reviews",64 GB ROM,13.72 cm (5.4 inch) Super Retina XDR Display,12MP + 12MP | 12MP Front Camera,A14 Bionic Chip with Next Generation Neural Engine Processor
"APPLE iPhone 11 Pro Max (Space Grey, 512 GB)","4.71,102 Ratings & 100 Reviews",512 GB ROM,16.51 cm (6.5 inch) Super Retina XDR Display,12MP + 12MP + 12MP | 12MP Front Camera,A13 Bionic Chip Processor
"APPLE iPhone 12 Pro (Pacific Blue, 256 GB)","4.51,335 Ratings & 99 Reviews",256 GB ROM,15.49 cm (6.1 inch) Super Retina XDR Display,12MP + 12MP + 12MP | 12MP Front Camera,A14 Bionic Chip with Next Generation Neural Engine Processor
"APPLE iPhone SE (Red, 256 GB)","4.51,54,746 Ratings & 12,073 Reviews",256 GB ROM,11.94 cm (4.7 inch) Retina HD Display,12MP Rear Camera | 7MP Front Camera,A13 Bionic Chip with 3rd Gen Neural Engine Processor
"APPLE iPhone SE 3rd Gen (Midnight, 256 GB)","4.41,298 Ratings & 131 Reviews",256 GB ROM,11.94 cm (4.7 inch) Retina HD Display,12MP Rear Camera | 7MP Front Camera,"A15 Bionic Chip, 6 Core Processor Processor"
"APPLE iPhone 13 Pro Max (Alpine Green, 256 GB)","4.62,047 Ratings & 199 Reviews",256 GB ROM,17.02 cm (6.7 inch) Super Retina XDR Display,12MP + 12MP + 12MP | 12MP Front Camera,A15 Bionic Chip Processor
"Apple iPhone XR (Coral, 64 GB) (Includes EarPods, Power Adapter)","4.61,01,021 Ratings & 8,541 Reviews",64 GB ROM,15.49 cm (6.1 inch) Display,12MP Rear Camera | 7MP Front Camera,A12 Bionic Chip Processor
"APPLE iPhone 12 mini (Black, 128 GB)","4.51,30,174 Ratings & 10,292 Reviews",128 GB ROM,13.72 cm (5.4 inch) Super Retina XDR Display,12MP + 12MP | 12MP Front Camera,A14 Bionic Chip with Next Generation Neural Engine Processor
"APPLE iPhone 6s (Silver, 16 GB)","4.593,125 Ratings & 9,221 Reviews",16 GB ROM,11.94 cm (4.7 inch) Retina HD Display,12MP Rear Camera | 5MP Front Camera,A9 Chip with 64-bit Architecture and M9 Motion Co-processor
"APPLE iPhone 14 Pro (Space Black, 128 GB)","4.62,100 Ratings & 149 Reviews",128 GB ROM,15.49 cm (6.1 inch) Super Retina XDR Display,48MP + 12MP + 12MP | 12MP Front Camera,"A16 Bionic Chip, 6 Core Processor Processor"
"APPLE iPhone 12 Pro (Silver, 128 GB)","4.51,335 Ratings & 99 Reviews",128 GB ROM,15.49 cm (6.1 inch) Super Retina XDR Display,12MP + 12MP + 12MP | 12MP Front Camera,A14 Bionic Chip with Next Generation Neural Engine Processor
"APPLE iPhone 13 mini (Starlight, 256 GB)","4.53,751 Ratings & 328 Reviews",256 GB ROM,13.72 cm (5.4 inch) Super Retina XDR Display,12MP + 12MP | 12MP Front Camera,A15 Bionic Chip Processor
"APPLE iPhone 14 Pro Max (Gold, 128 GB)","4.62,325 Ratings & 171 Reviews",128 GB ROM,17.02 cm (6.7 inch) Super Retina XDR Display,48MP + 12MP + 12MP | 12MP Front Camera,"A16 Bionic Chip, 6 Core Processor Processor"
"APPLE iPhone 13 Pro (Silver, 1 TB)","4.71,581 Ratings & 126 Reviews",1 TB ROM,15.49 cm (6.1 inch) Super Retina XDR Display,12MP + 12MP + 12MP | 12MP Front Camera,A15 Bionic Chip Processor
"Apple iPhone SE (White, 64 GB) (Includes EarPods, Power Adapter)","4.51,54,746 Ratings & 12,073 Reviews",64 GB ROM,11.94 cm (4.7 inch) Retina HD Display,12MP Rear Camera | 7MP Front Camera,A13 Bionic Chip with 3rd Gen Neural Engine Processor
"APPLE iPhone 12 Pro Max (Pacific Blue, 128 GB)","4.51,272 Ratings & 102 Reviews",128 GB ROM,17.02 cm (6.7 inch) Super Retina XDR Display,12MP + 12MP + 12MP | 12MP Front Camera,A14 Bionic Chip with Next Generation Neural Engine Processor
"APPLE iPhone 14 Pro (Deep Purple, 128 GB)","4.62,100 Ratings & 149 Reviews",128 GB ROM,15.49 cm (6.1 inch) Super Retina XDR Display,48MP + 12MP + 12MP | 12MP Front Camera,"A16 Bionic Chip, 6 Core Processor Processor"
"APPLE iPhone 13 Pro Max (Silver, 128 GB)","4.62,047 Ratings & 199 Reviews",128 GB ROM,17.02 cm (6.7 inch) Super Retina XDR Display,12MP + 12MP + 12MP | 12MP Front Camera,A15 Bionic Chip Processor
"APPLE iPhone 6s Plus (Rose Gold, 32 GB)","4.418,838 Ratings & 2,368 Reviews",32 GB ROM,13.97 cm (5.5 inch) Retina HD Display,12MP Rear Camera | 5MP Front Camera,Apple A9 64-bit processor and Embedded M9 Motion Co-processor
"APPLE iPhone 13 (Pink, 256 GB)","4.72,74,517 Ratings & 13,375 Reviews",256 GB ROM,15.49 cm (6.1 inch) Super Retina XDR Display,12MP + 12MP | 12MP Front Camera,A15 Bionic Chip Processor
"APPLE iPhone 14 Pro Max (Silver, 128 GB)","4.62,325 Ratings & 171 Reviews",128 GB ROM,17.02 cm (6.7 inch) Super Retina XDR Display,48MP + 12MP + 12MP | 12MP Front Camera,"A16 Bionic Chip, 6 Core Processor Processor"
"APPLE iPhone 14 Pro Max (Space Black, 512 GB)","4.62,325 Ratings & 171 Reviews",512 GB ROM,17.02 cm (6.7 inch) Super Retina XDR Display,48MP + 12MP + 12MP | 12MP Front Camera,"A16 Bionic Chip, 6 Core Processor Processor"
"APPLE iPhone 14 Pro Max (Gold, 1 TB)","4.62,325 Ratings & 171 Reviews",1 TB ROM,17.02 cm (6.7 inch) Super Retina XDR Display,48MP + 12MP + 12MP | 12MP Front Camera,"A16 Bionic Chip, 6 Core Processor Processor"
"APPLE iPhone 12 mini (Red, 128 GB)","4.51,30,174 Ratings & 10,292 Reviews",128 GB ROM,13.72 cm (5.4 inch) Super Retina XDR Display,12MP + 12MP | 12MP Front Camera,A14 Bionic Chip with Next Generation Neural Engine Processor
"APPLE iPhone 12 Pro Max (Silver, 256 GB)","4.51,272 Ratings & 102 Reviews",256 GB ROM,17.02 cm (6.7 inch) Super Retina XDR Display,12MP + 12MP + 12MP | 12MP Front Camera,A14 Bionic Chip with Next Generation Neural Engine Processor
"APPLE iPhone 12 mini (Blue, 64 GB)","4.51,30,174 Ratings & 10,292 Reviews",64 GB ROM,13.72 cm (5.4 inch) Super Retina XDR Display,12MP + 12MP | 12MP Front Camera,A14 Bionic Chip with Next Generation Neural Engine Processor
"APPLE iPhone 7 Plus (PRODUCT) (Red, 256 GB)",53 Ratings & 3 Reviews,256 GB ROM,13.97 cm (5.5 inch) Retina HD Display,12MP Rear Camera | 7MP Front Camera,A10 Fusion Chip with 64-bit Architecture and Embedded M10 Motion Co-processor
"APPLE iPhone XR (Yellow, 128 GB)","4.61,01,021 Ratings & 8,541 Reviews",128 GB ROM,15.49 cm (6.1 inch) Display,12MP Rear Camera | 7MP Front Camera,A12 Bionic Chip Processor
"APPLE iPhone 13 Pro (Gold, 256 GB)","4.71,581 Ratings & 126 Reviews",256 GB ROM,15.49 cm (6.1 inch) Super Retina XDR Display,12MP + 12MP + 12MP | 12MP Front Camera,A15 Bionic Chip Processor
"APPLE iPhone 14 Pro Max (Space Black, 128 GB)","4.62,325 Ratings & 171 Reviews",128 GB ROM,17.02 cm (6.7 inch) Super Retina XDR Display,48MP + 12MP + 12MP | 12MP Front Camera,"A16 Bionic Chip, 6 Core Processor Processor"
"APPLE iPhone SE 3rd Gen (Starlight, 64 GB)","4.41,298 Ratings & 131 Reviews",64 GB ROM,11.94 cm (4.7 inch) Retina HD Display,12MP Rear Camera | 7MP Front Camera,"A15 Bionic Chip, 6 Core Processor Processor"
"APPLE iPhone 12 Pro (Silver, 512 GB)","4.51,335 Ratings & 99 Reviews",512 GB ROM,15.49 cm (6.1 inch) Super Retina XDR Display,12MP + 12MP + 12MP | 12MP Front Camera,A14 Bionic Chip with Next Generation Neural Engine Processor
"APPLE iPhone 13 mini (Blue, 128 GB)","4.53,751 Ratings & 328 Reviews",128 GB ROM,13.72 cm (5.4 inch) Super Retina XDR Display,12MP + 12MP | 12MP Front Camera,A15 Bionic Chip Processor
"APPLE iPhone 14 Pro (Gold, 128 GB)","4.62,100 Ratings & 149 Reviews",128 GB ROM,15.49 cm (6.1 inch) Super Retina XDR Display,48MP + 12MP + 12MP | 12MP Front Camera,"A16 Bionic Chip, 6 Core Processor Processor"
"APPLE iPhone 12 mini (Red, 64 GB)","4.51,30,174 Ratings & 10,292 Reviews",64 GB ROM,13.72 cm (5.4 inch) Super Retina XDR Display,12MP + 12MP | 12MP Front Camera,A14 Bionic Chip with Next Generation Neural Engine Processor
"Apple iPhone SE (Red, 64 GB) (Includes EarPods, Power Adapter)","4.51,54,746 Ratings & 12,073 Reviews",64 GB ROM,11.94 cm (4.7 inch) Retina HD Display,12MP Rear Camera | 7MP Front Camera,A13 Bionic Chip with 3rd Gen Neural Engine Processor
"APPLE iPhone 13 Pro (Graphite, 256 GB)","4.71,581 Ratings & 126 Reviews",256 GB ROM,15.49 cm (6.1 inch) Super Retina XDR Display,12MP + 12MP + 12MP | 12MP Front Camera,A15 Bionic Chip Processor
"APPLE iPhone 14 Pro Max (Space Black, 256 GB)","4.62,325 Ratings & 171 Reviews",256 GB ROM,17.02 cm (6.7 inch) Super Retina XDR Display,48MP + 12MP + 12MP | 12MP Front Camera,"A16 Bionic Chip, 6 Core Processor Processor"
"APPLE iPhone 14 Plus (Starlight, 256 GB)","4.654,589 Ratings & 3,186 Reviews",256 GB ROM,17.02 cm (6.7 inch) Super Retina XDR Display,12MP + 12MP | 12MP Front Camera,"A15 Bionic Chip, 6 Core Processor Processor"
"APPLE iPhone 13 mini (Pink, 128 GB)","4.53,751 Ratings & 328 Reviews",128 GB ROM,13.72 cm (5.4 inch) Super Retina XDR Display,12MP + 12MP | 12MP Front Camera,A15 Bionic Chip Processor
"APPLE iPhone 12 mini (White, 64 GB)","4.51,30,174 Ratings & 10,292 Reviews",64 GB ROM,13.72 cm (5.4 inch) Super Retina XDR Display,12MP + 12MP | 12MP Front Camera,A14 Bionic Chip with Next Generation Neural Engine Processor
"APPLE iPhone XS Max (Space Grey, 256 GB)","4.61,453 Ratings & 146 Reviews",256 GB ROM,16.51 cm (6.5 inch) Super Retina HD Display,12MP + 12MP | 7MP Front Camera,A12 Bionic Chip Processor
"APPLE iPhone 12 Pro Max (Graphite, 128 GB)","4.51,272 Ratings & 102 Reviews",128 GB ROM,17.02 cm (6.7 inch) Super Retina XDR Display,12MP + 12MP + 12MP | 12MP Front Camera,A14 Bionic Chip with Next Generation Neural Engine Processor
"Apple iPhone XR (White, 64 GB) (Includes EarPods, Power Adapter)","4.61,01,021 Ratings & 8,541 Reviews",64 GB ROM,15.49 cm (6.1 inch) Display,12MP Rear Camera | 7MP Front Camera,A12 Bionic Chip Processor
"APPLE iPhone 14 Plus (Purple, 256 GB)","4.654,589 Ratings & 3,186 Reviews",256 GB ROM,17.02 cm (6.7 inch) Super Retina XDR Display,12MP + 12MP | 12MP Front Camera,"A15 Bionic Chip, 6 Core Processor Processor"
"APPLE iPhone 6s (Rose Gold, 32 GB)","4.593,125 Ratings & 9,221 Reviews",32 GB ROM,11.94 cm (4.7 inch) Retina HD Display,12MP Rear Camera | 5MP Front Camera,Apple A9 64-bit processor and M9 Motion Co-processor
"APPLE iPhone 6s (Rose Gold, 16 GB)","4.593,125 Ratings & 9,221 Reviews",16 GB ROM,11.94 cm (4.7 inch) Retina HD Display,12MP Rear Camera | 5MP Front Camera,A9 Chip with 64-bit Architecture and M9 Motion Co-processor
"APPLE iPhone 13 Pro (Silver, 128 GB)","4.71,581 Ratings & 126 Reviews",128 GB ROM,15.49 cm (6.1 inch) Super Retina XDR Display,12MP + 12MP + 12MP | 12MP Front Camera,A15 Bionic Chip Processor
"APPLE iPhone 12 Pro (Pacific Blue, 128 GB)","4.51,335 Ratings & 99 Reviews",128 GB ROM,15.49 cm (6.1 inch) Super Retina XDR Display,12MP + 12MP + 12MP | 12MP Front Camera,A14 Bionic Chip with Next Generation Neural Engine Processor
"Apple iPhone XR (Black, 64 GB) (Includes EarPods, Power Adapter)","4.61,01,021 Ratings & 8,541 Reviews",64 GB ROM,15.5 cm (6.102 inch) Display,12MP Rear Camera | 7MP Front Camera,A12 Bionic Chip Processor
"APPLE iPhone 13 Pro Max (Sierra Blue, 128 GB)","4.62,047 Ratings & 199 Reviews",128 GB ROM,17.02 cm (6.7 inch) Super Retina XDR Display,12MP + 12MP + 12MP | 12MP Front Camera,A15 Bionic Chip Processor
"APPLE iPhone 14 Pro Max (Silver, 1 TB)","4.62,325 Ratings & 171 Reviews",1 TB ROM,17.02 cm (6.7 inch) Super Retina XDR Display,48MP + 12MP + 12MP | 12MP Front Camera,"A16 Bionic Chip, 6 Core Processor Processor"
"APPLE iPhone 14 Pro (Deep Purple, 1 TB)","4.62,100 Ratings & 149 Reviews",1 TB ROM,15.49 cm (6.1 inch) Super Retina XDR Display,48MP + 12MP + 12MP | 12MP Front Camera,"A16 Bionic Chip, 6 Core Processor Processor"
"APPLE iPhone SE (Red, 64 GB)","4.51,54,746 Ratings & 12,073 Reviews",64 GB ROM,11.94 cm (4.7 inch) Retina HD Display,12MP Rear Camera | 7MP Front Camera,A13 Bionic Chip with 3rd Gen Neural Engine Processor
"APPLE iPhone XR (Black, 64 GB)","4.61,01,021 Ratings & 8,541 Reviews",64 GB ROM,15.49 cm (6.1 inch) Display,12MP Rear Camera | 7MP Front Camera,A12 Bionic Chip Processor
"APPLE iPhone 11 (Yellow, 64 GB)","4.62,04,056 Ratings & 11,501 Reviews",64 GB ROM,15.49 cm (6.1 inch) Liquid Retina HD Display,12MP + 12MP | 12MP Front Camera,A13 Bionic Chip Processor
"APPLE iPhone 14 Pro (Gold, 1 TB)","4.62,100 Ratings & 149 Reviews",1 TB ROM,15.49 cm (6.1 inch) Super Retina XDR Display,48MP + 12MP + 12MP | 12MP Front Camera,"A16 Bionic Chip, 6 Core Processor Processor"
"APPLE iPhone 6s (Space Grey, 32 GB)","4.593,125 Ratings & 9,221 Reviews",32 GB ROM,11.94 cm (4.7 inch) Retina HD Display,12MP Rear Camera | 5MP Front Camera,Apple A9 64-bit processor and Embedded M9 Motion Co-processor
"APPLE iPhone 14 Pro Max (Deep Purple, 128 GB)","4.62,325 Ratings & 171 Reviews",128 GB ROM,17.02 cm (6.7 inch) Super Retina XDR Display,48MP + 12MP + 12MP | 12MP Front Camera,"A16 Bionic Chip, 6 Core Processor Processor"
"APPLE iPhone 12 mini (Blue, 256 GB)","4.51,30,174 Ratings & 10,292 Reviews",256 GB ROM,13.72 cm (5.4 inch) Super Retina XDR Display,12MP + 12MP | 12MP Front Camera,A14 Bionic Chip with Next Generation Neural Engine Processor
"APPLE iPhone 14 Pro Max (Silver, 256 GB)","4.62,325 Ratings & 171 Reviews",256 GB ROM,17.02 cm (6.7 inch) Super Retina XDR Display,48MP + 12MP + 12MP | 12MP Front Camera,"A16 Bionic Chip, 6 Core Processor Processor"
"APPLE iPhone XR (Black, 128 GB)","4.61,01,021 Ratings & 8,541 Reviews",128 GB ROM,15.49 cm (6.1 inch) Display,12MP Rear Camera | 7MP Front Camera,A12 Bionic Chip Processor
"APPLE iPhone XS (Gold, 64 GB)","4.711,962 Ratings & 869 Reviews",64 GB ROM,14.73 cm (5.8 inch) Super Retina HD Display,12MP + 12MP | 7MP Front Camera,A12 Bionic Chip Processor
"APPLE iPhone 12 Pro Max (Silver, 512 GB)","4.51,272 Ratings & 102 Reviews",512 GB ROM,17.02 cm (6.7 inch) Super Retina XDR Display,12MP + 12MP + 12MP | 12MP Front Camera,A14 Bionic Chip with Next Generation Neural Engine Processor
"APPLE iPhone 12 mini (White, 128 GB)","4.51,30,174 Ratings & 10,292 Reviews",128 GB ROM,13.72 cm (5.4 inch) Super Retina XDR Display,12MP + 12MP | 12MP Front Camera,A14 Bionic Chip with Next Generation Neural Engine Processor
"APPLE iPhone XS Max (Gold, 512 GB)","4.61,453 Ratings & 146 Reviews",512 GB ROM,16.51 cm (6.5 inch) Super Retina HD Display,12MP + 12MP | 7MP Front Camera,A12 Bionic Chip Processor
"APPLE iPhone 13 Pro (Sierra Blue, 128 GB)","4.71,581 Ratings & 126 Reviews",128 GB ROM,15.49 cm (6.1 inch) Super Retina XDR Display,12MP + 12MP + 12MP | 12MP Front Camera,A15 Bionic Chip Processor
"Apple iPhone SE (Black, 64 GB) (Includes EarPods, Power Adapter)","4.51,54,746 Ratings & 12,073 Reviews",64 GB ROM,11.94 cm (4.7 inch) Retina HD Display,12MP Rear Camera | 7MP Front Camera,A13 Bionic Chip with 3rd Gen Neural Engine Processor
"APPLE iPhone 13 mini (Midnight, 128 GB)","4.53,751 Ratings & 328 Reviews",128 GB ROM,13.72 cm (5.4 inch) Super Retina XDR Display,12MP + 12MP | 12MP Front Camera,A15 Bionic Chip Processor
"APPLE iPhone XS Max (Gold, 256 GB)","4.61,453 Ratings & 146 Reviews",256 GB ROM,16.51 cm (6.5 inch) Super Retina HD Display,12MP + 12MP | 7MP Front Camera,A12 Bionic Chip Processor
"APPLE iPhone 6 (Space Grey, 32 GB)","4.41,45,596 Ratings & 16,198 Reviews",32 GB ROM,11.94 cm (4.7 inch) Retina HD Display,8MP Rear Camera | 1.2MP Front Camera,Apple A8 64-bit processor and M8 Motion Co-processor
"Apple iPhone SE (Red, 256 GB) (Includes EarPods, Power Adapter)","4.51,54,746 Ratings & 12,073 Reviews",256 GB ROM,11.94 cm (4.7 inch) Retina HD Display,12MP Rear Camera | 7MP Front Camera,A13 Bionic Chip with 3rd Gen Neural Engine Processor
"APPLE iPhone XR ((PRODUCT)RED, 128 GB)","4.61,01,021 Ratings & 8,541 Reviews",128 GB ROM,15.49 cm (6.1 inch) Display,12MP Rear Camera | 7MP Front Camera,A12 Bionic Chip Processor
"APPLE iPhone XR (White, 128 GB)","4.61,01,021 Ratings & 8,541 Reviews",128 GB ROM,15.49 cm (6.1 inch) Display,12MP Rear Camera | 7MP Front Camera,A12 Bionic Chip Processor
"APPLE iPhone 14 Pro (Silver, 128 GB)","4.62,100 Ratings & 149 Reviews",128 GB ROM,15.49 cm (6.1 inch) Super Retina XDR Display,48MP + 12MP + 12MP | 12MP Front Camera,"A16 Bionic Chip, 6 Core Processor Processor"
"APPLE iPhone 12 Pro (Silver, 256 GB)","4.51,335 Ratings & 99 Reviews",256 GB ROM,15.49 cm (6.1 inch) Super Retina XDR Display,12MP + 12MP + 12MP | 12MP Front Camera,A14 Bionic Chip with Next Generation Neural Engine Processor
"APPLE IPhone 4 (White, 8 GB)","4.11,096 Ratings & 183 Reviews",8 GB ROM,8.89 cm (3.5 inch) NA Display,5MP Rear Camera | 0.3MP Front Camera,1 Year Manufacturer Warranty
"Apple iPhone XR ((PRODUCT)RED, 64 GB) (Includes EarPods, Power Adapter)","4.61,01,021 Ratings & 8,541 Reviews",64 GB ROM,15.49 cm (6.1 inch) Display,12MP Rear Camera | 7MP Front Camera,A12 Bionic Chip Processor
"APPLE iPhone 5s (Gold, 16 GB)","4.462,789 Ratings & 7,331 Reviews",16 GB ROM,10.16 cm (4 inch) Retina Display,8MP Rear Camera | 1.2MP Front Camera,Apple A7 64-bit processor and M7 Motion Co-processor
"APPLE iPhone 5C (White, 32 GB)","3.91,327 Ratings & 265 Reviews",32 GB ROM,10.16 cm (4 inch) Retina Display,8MP Rear Camera | 1.2MP Front Camera,A6 Chip Processor
"APPLE iPhone 5C (Blue, 16 GB)","3.91,327 Ratings & 265 Reviews",16 GB ROM,10.16 cm (4 inch) Retina Display,8MP Rear Camera | 1.2MP Front Camera,A6 Chip Processor
"APPLE iPhone 5C (Green, 16 GB)","3.91,327 Ratings & 265 Reviews",16 GB ROM,10.16 cm (4 inch) Retina Display,8MP Rear Camera | 1.2MP Front Camera,A6 Chip Processor
"APPLE iPhone 5C (White, 8 GB)","3.91,327 Ratings & 265 Reviews",8 GB ROM,10.16 cm (4 inch) Retina Display,8MP Rear Camera | 1.2MP Front Camera,A6 Chip Processor
"APPLE iPhone 5C (Blue, 8 GB)","3.91,327 Ratings & 265 Reviews",8 GB ROM,10.16 cm (4 inch) Retina Display,8MP Rear Camera | 1.2MP Front Camera,A6 Chip Processor
"Apple iPhone SE (White, 256 GB) (Includes EarPods, Power Adapter)","4.51,54,746 Ratings & 12,073 Reviews",256 GB ROM,11.94 cm (4.7 inch) Retina HD Display,12MP Rear Camera | 7MP Front Camera,A13 Bionic Chip with 3rd Gen Neural Engine Processor
"APPLE iPhone 7 (Silver, 256 GB)","4.595,178 Ratings & 9,179 Reviews",256 GB ROM,11.94 cm (4.7 inch) Retina HD Display,12MP Rear Camera | 7MP Front Camera,A10 Fusion Chip with 64-bit Architecture and Embedded M10 Motion Co-processor
"APPLE iPhone 7 (Jet Black, 256 GB)","4.595,178 Ratings & 9,179 Reviews",256 GB ROM,11.94 cm (4.7 inch) Retina HD Display,12MP Rear Camera | 7MP Front Camera,Apple A10 Fusion 64-bit processor and Embedded M10 Motion Co-processor
"APPLE iPhone 12 Pro (Gold, 512 GB)","4.51,335 Ratings & 99 Reviews",512 GB ROM,15.49 cm (6.1 inch) Super Retina XDR Display,12MP + 12MP + 12MP | 12MP Front Camera,A14 Bionic Chip with Next Generation Neural Engine Processor
"APPLE iPhone 7 Plus (Gold, 256 GB)","4.529,846 Ratings & 2,991 Reviews",256 GB ROM,13.97 cm (5.5 inch) Retina HD Display,12MP + 12MP | 7MP Front Camera,A10 Fusion Chip with 64-bit Architecture and Embedded M10 Motion Co-processor
"APPLE iPhone 7 Plus (Jet Black, 256 GB)","4.529,846 Ratings & 2,991 Reviews",256 GB ROM,13.97 cm (5.5 inch) Retina HD Display,12MP + 12MP | 7MP Front Camera,Apple A10 Fusion 64-bit processor and Embedded M10 Motion Co-processor
"APPLE iPhone 7 (Rose Gold, 256 GB)","4.595,178 Ratings & 9,179 Reviews",256 GB ROM,11.94 cm (4.7 inch) Retina HD Display,12MP Rear Camera | 7MP Front Camera,A10 Fusion Chip with 64-bit Architecture and Embedded M10 Motion Co-processor
"APPLE iPhone 7 (Rose Gold, 32 GB)","4.595,178 Ratings & 9,179 Reviews",32 GB ROM,11.94 cm (4.7 inch) Retina HD Display,12MP Rear Camera | 7MP Front Camera,Apple A10 Fusion 64-bit processor and Embedded M10 Motion Co-processor
"APPLE iPhone 11 Pro (Midnight Green, 512 GB)","4.68,695 Ratings & 629 Reviews",512 GB ROM,14.73 cm (5.8 inch) Super Retina XDR Display,12MP + 12MP + 12MP | 12MP Front Camera,A13 Bionic Chip Processor
"APPLE iPhone 12 mini (Black, 256 GB)","4.51,30,174 Ratings & 10,292 Reviews",256 GB ROM,13.72 cm (5.4 inch) Super Retina XDR Display,12MP + 12MP | 12MP Front Camera,A14 Bionic Chip with Next Generation Neural Engine Processor
"APPLE iPhone XR (Yellow, 64 GB)","4.61,01,021 Ratings & 8,541 Reviews",64 GB ROM,15.49 cm (6.1 inch) Display,12MP Rear Camera | 7MP Front Camera,A12 Bionic Chip Processor
"APPLE iPhone 7 Plus (Black, 256 GB)","4.529,846 Ratings & 2,991 Reviews",256 GB ROM,13.97 cm (5.5 inch) Retina HD Display,12MP + 12MP | 7MP Front Camera,A10 Fusion Chip with 64-bit Architecture and Embedded M10 Motion Co-processor
"APPLE iPhone 7 (Gold, 256 GB)","4.595,178 Ratings & 9,179 Reviews",256 GB ROM,11.94 cm (4.7 inch) Retina HD Display,12MP Rear Camera | 7MP Front Camera,A10 Fusion Chip with 64-bit Architecture and Embedded M10 Motion Co-processor
"APPLE iPhone 7 (Black, 256 GB)","4.595,178 Ratings & 9,179 Reviews",256 GB ROM,11.94 cm (4.7 inch) Retina HD Display,12MP Rear Camera | 7MP Front Camera,A10 Fusion Chip with 64-bit Architecture and Embedded M10 Motion Co-processor
"Apple iPhone XR (Black, 256 GB) (Includes EarPods, Power Adapter)","4.61,01,021 Ratings & 8,541 Reviews",256 GB ROM,15.49 cm (6.1 inch) Display,12MP Rear Camera | 7MP Front Camera,A12 Bionic Chip Processor
"APPLE iPhone 11 Pro (Midnight Green, 64 GB)","4.68,695 Ratings & 629 Reviews",64 GB ROM,14.73 cm (5.8 inch) Super Retina XDR Display,12MP + 12MP + 12MP | 12MP Front Camera,A13 Bionic Chip Processor
"APPLE iPhone 12 Pro (Graphite, 256 GB)","4.51,335 Ratings & 99 Reviews",256 GB ROM,15.49 cm (6.1 inch) Super Retina XDR Display,12MP + 12MP + 12MP | 12MP Front Camera,A14 Bionic Chip with Next Generation Neural Engine Processor
"APPLE iPhone 13 mini (Blue, 512 GB)","4.53,751 Ratings & 328 Reviews",512 GB ROM,13.72 cm (5.4 inch) Super Retina XDR Display,12MP + 12MP | 12MP Front Camera,A15 Bionic Chip Processor
"Apple iPhone SE (Black, 256 GB) (Includes EarPods, Power Adapter)","4.51,54,746 Ratings & 12,073 Reviews",256 GB ROM,11.94 cm (4.7 inch) Retina HD Display,12MP Rear Camera | 7MP Front Camera,A13 Bionic Chip with 3rd Gen Neural Engine Processor
"APPLE iPhone 11 Pro (Silver, 256 GB)","4.68,695 Ratings & 629 Reviews",256 GB ROM,14.73 cm (5.8 inch) Super Retina XDR Display,12MP + 12MP + 12MP | 12MP Front Camera,A13 Bionic Chip Processor
"APPLE iPhone 7 Plus (Silver, 32 GB)","4.529,846 Ratings & 2,991 Reviews",32 GB ROM,13.94 cm (5.488 inch) Retina HD Display,12MP + 12MP | 7MP Front Camera,Apple A10 Fusion 64-bit processor and Embedded M10 Motion Co-processor
"APPLE iPhone 12 Pro (Pacific Blue, 512 GB)","4.51,335 Ratings & 99 Reviews",512 GB ROM,15.49 cm (6.1 inch) Super Retina XDR Display,12MP + 12MP + 12MP | 12MP Front Camera,A14 Bionic Chip with Next Generation Neural Engine Processor
"APPLE iPhone 11 Pro (Silver, 512 GB)","4.68,695 Ratings & 629 Reviews",512 GB ROM,14.73 cm (5.8 inch) Super Retina XDR Display,12MP + 12MP + 12MP | 12MP Front Camera,A13 Bionic Chip Processor
"APPLE iPhone 7 (Gold, 32 GB)","4.595,178 Ratings & 9,179 Reviews",32 GB ROM,11.94 cm (4.7 inch) Retina HD Display,12MP Rear Camera | 7MP Front Camera,Apple A10 Fusion 64-bit processor and Embedded M10 Motion Co-processor
"APPLE iPhone 6 Plus (Space Grey, 64 GB)","4.51,674 Ratings & 199 Reviews",64 GB ROM,13.97 cm (5.5 inch) Retina HD Display,8MP Rear Camera | 1.2MP Front Camera,A8 Chip with 64-bit Architecture and M8 Motion Co-processor
"Apple iPhone XR (Blue, 256 GB) (Includes EarPods, Power Adapter)","4.61,01,021 Ratings & 8,541 Reviews",256 GB ROM,15.49 cm (6.1 inch) Display,12MP Rear Camera | 7MP Front Camera,A12 Bionic Chip Processor
"APPLE iPhone 7 (Gold, 128 GB)","4.595,178 Ratings & 9,179 Reviews",128 GB ROM,11.94 cm (4.7 inch) Retina HD Display,12MP Rear Camera | 7MP Front Camera,Apple A10 Fusion 64-bit processor and Embedded M10 Motion Co-processor
"APPLE iPhone 12 mini (Green, 128 GB)","4.51,30,174 Ratings & 10,292 Reviews",128 GB ROM,13.72 cm (5.4 inch) Super Retina XDR Display,12MP + 12MP | 12MP Front Camera,A14 Bionic Chip with Next Generation Neural Engine Processor
"APPLE iPhone 11 Pro (Space Grey, 256 GB)","4.68,695 Ratings & 629 Reviews",256 GB ROM,14.73 cm (5.8 inch) Super Retina XDR Display,12MP + 12MP + 12MP | 12MP Front Camera,A13 Bionic Chip Processor
"APPLE iPhone 7 (Silver, 32 GB)","4.595,178 Ratings & 9,179 Reviews",32 GB ROM,11.94 cm (4.7 inch) Retina HD Display,12MP Rear Camera | 7MP Front Camera,Apple A10 Fusion 64-bit processor and Embedded M10 Motion Co-processor
"APPLE iPhone 6s (Space Grey, 64 GB)","4.593,125 Ratings & 9,221 Reviews",64 GB ROM,11.94 cm (4.7 inch) Retina HD Display,12MP Rear Camera | 5MP Front Camera,A9 Chip with 64-bit Architecture and M9 Motion Co-processor
"APPLE iPhone 7 (Jet Black, 128 GB)","4.595,178 Ratings & 9,179 Reviews",128 GB ROM,11.94 cm (4.7 inch) Retina HD Display,12MP Rear Camera | 7MP Front Camera,Apple A10 Fusion 64-bit processor and Embedded M10 Motion Co-processor
"APPLE iPhone 7 (Silver, 128 GB)","4.595,178 Ratings & 9,179 Reviews",128 GB ROM,11.94 cm (4.7 inch) Retina HD Display,12MP Rear Camera | 7MP Front Camera,Apple A10 Fusion 64-bit processor and Embedded M10 Motion Co-processor
"APPLE iPhone XS Max (Space Grey, 512 GB)","4.61,453 Ratings & 146 Reviews",512 GB ROM,16.51 cm (6.5 inch) Super Retina HD Display,12MP + 12MP | 7MP Front Camera,A12 Bionic Chip Processor
"APPLE iPhone 12 Pro (Graphite, 512 GB)","4.51,335 Ratings & 99 Reviews",512 GB ROM,15.49 cm (6.1 inch) Super Retina XDR Display,12MP + 12MP + 12MP | 12MP Front Camera,A14 Bionic Chip with Next Generation Neural Engine Processor
"APPLE iPhone 7 Plus (Rose Gold, 32 GB)","4.529,846 Ratings & 2,991 Reviews",32 GB ROM,13.94 cm (5.488 inch) Retina HD Display,12MP + 12MP | 7MP Front Camera,Apple A10 Fusion 64-bit processor and Embedded M10 Motion Co-processor
"APPLE iPhone 6 Plus (Space Grey, 16 GB)","4.51,674 Ratings & 199 Reviews",16 GB ROM,13.97 cm (5.5 inch) Retina HD Display,8MP Rear Camera | 1.2MP Front Camera,Apple A8 64-bit processor and M8 Motion Co-processor
"APPLE iPhone 6 Plus (Space Grey, 16 GB)","4.51,674 Ratings & 199 Reviews",16 GB ROM,13.97 cm (5.5 inch) Retina HD Display,8MP Rear Camera | 1.2MP Front Camera,Apple A8 64-bit processor and M8 Motion Co-processor
"APPLE iPhone 8 (PRODUCT)RED (Red, 256 GB)",4.7113 Ratings & 10 Reviews,256 GB ROM,11.94 cm (4.7 inch) Retina HD Display,12MP Rear Camera | 7MP Front Camera,"A11 Bionic Chip with 64-bit Architecture, Neural Engine, Embedded M11 Motion Coprocessor Processor"
"APPLE iPhone 6s Plus (Rose Gold, 16 GB)","4.418,838 Ratings & 2,368 Reviews",16 GB ROM,13.97 cm (5.5 inch) Retina HD Display,12MP Rear Camera | 5MP Front Camera,A9 Chip with 64-bit Architecture and M9 Motion Co-processor
"APPLE iPhone 12 Pro (Gold, 128 GB)","4.51,335 Ratings & 99 Reviews",128 GB ROM,15.49 cm (6.1 inch) Super Retina XDR Display,12MP + 12MP + 12MP | 12MP Front Camera,A14 Bionic Chip with Next Generation Neural Engine Processor
"APPLE iPhone 7 (Rose Gold, 128 GB)","4.595,178 Ratings & 9,179 Reviews",128 GB ROM,11.94 cm (4.7 inch) Retina HD Display,12MP Rear Camera | 7MP Front Camera,A10 Fusion Chip with 64-bit Architecture and Embedded M10 Motion Co-processor
"APPLE iPhone 6s (Rose Gold, 128 GB)","4.593,125 Ratings & 9,221 Reviews",128 GB ROM,11.94 cm (4.7 inch) Retina HD Display,12MP Rear Camera | 5MP Front Camera,A9 Chip with 64-bit Architecture and M9 Motion Co-processor
"Apple iPhone XR (Yellow, 128 GB) (Includes EarPods, Power Adapter)","4.61,01,021 Ratings & 8,541 Reviews",128 GB ROM,15.49 cm (6.1 inch) Display,12MP Rear Camera | 7MP Front Camera,A12 Bionic Chip Processor
"APPLE iPhone 7 Plus (Red, 128 GB)","4.529,846 Ratings & 2,991 Reviews",128 GB ROM,13.94 cm (5.488 inch) Retina HD Display,12MP Rear Camera | 7MP Front Camera,Apple A10 Fusion 64-bit processor and Embedded M10 Motion Co-processor
"APPLE iPhone 7 Plus (Silver, 128 GB)","4.529,846 Ratings & 2,991 Reviews",128 GB ROM,13.94 cm (5.488 inch) Retina HD Display,12MP + 12MP | 7MP Front Camera,Apple A10 Fusion 64-bit processor and Embedded M10 Motion Co-processor
"APPLE iPhone 6s Plus (Space Grey, 64 GB)","4.418,838 Ratings & 2,368 Reviews",64 GB ROM,13.97 cm (5.5 inch) Retina HD Display,12MP Rear Camera | 5MP Front Camera,A9 Chip with 64-bit Architecture and M9 Motion Co-processor
"APPLE iPhone XS Max (Silver, 512 GB)","4.61,453 Ratings & 146 Reviews",512 GB ROM,16.51 cm (6.5 inch) Super Retina HD Display,12MP + 12MP | 7MP Front Camera,A12 Bionic Chip Processor
"APPLE iPhone 12 mini (Green, 256 GB)","4.51,30,174 Ratings & 10,292 Reviews",256 GB ROM,13.72 cm (5.4 inch) Super Retina XDR Display,12MP + 12MP | 12MP Front Camera,A14 Bionic Chip with Next Generation Neural Engine Processor
"APPLE iPhone 13 Pro (Alpine Green, 256 GB)","4.71,581 Ratings & 126 Reviews",256 GB ROM,15.49 cm (6.1 inch) Super Retina XDR Display,12MP + 12MP + 12MP | 12MP Front Camera,A15 Bionic Chip Processor
"APPLE iPhone 7 (Jet Black, 32 GB)","4.595,178 Ratings & 9,179 Reviews",32 GB ROM,11.94 cm (4.7 inch) Retina HD Display,12MP Rear Camera | 7MP Front Camera,Apple A10 Fusion 64-bit processor and Embedded M10 Motion Co-processor
"Apple iPhone XR ((PRODUCT)RED, 256 GB) (Includes EarPods, Power Adapter)","4.61,01,021 Ratings & 8,541 Reviews",256 GB ROM,15.49 cm (6.1 inch) Display,12MP Rear Camera | 7MP Front Camera,A12 Bionic Chip Processor
"APPLE iPhone 8 (Space Grey, 64 GB)","4.511,394 Ratings & 802 Reviews",64 GB ROM,11.94 cm (4.7 inch) Retina HD Display,12MP Rear Camera | 7MP Front Camera,"A11 Bionic Chip with 64-bit Architecture, Neural Engine, Embedded M11 Motion Coprocessor Processor"
"APPLE iPhone 6s Plus (Space Grey, 32 GB)","4.418,838 Ratings & 2,368 Reviews",32 GB ROM,13.97 cm (5.5 inch) Retina HD Display,12MP Rear Camera | 5MP Front Camera,Apple A9 64-bit processor and Embedded M9 Motion Co-processor
"APPLE iPhone 13 Pro Max (Graphite, 128 GB)","4.62,047 Ratings & 199 Reviews",128 GB ROM,17.02 cm (6.7 inch) Super Retina XDR Display,12MP + 12MP + 12MP | 12MP Front Camera,A15 Bionic Chip Processor
"APPLE iPhone 6 (Space Grey, 64 GB)","4.41,45,596 Ratings & 16,198 Reviews",64 GB ROM,11.94 cm (4.7 inch) Retina HD Display,8MP Rear Camera | 1.2MP Front Camera,A8 Chip with 64-bit Architecture and M8 Motion Co-processor
"APPLE iPhone XR (Coral, 128 GB)","4.61,01,021 Ratings & 8,541 Reviews",128 GB ROM,15.49 cm (6.1 inch) Display,12MP Rear Camera | 7MP Front Camera,A12 Bionic Chip Processor
"APPLE iPhone 7 Plus (Rose Gold, 128 GB)","4.529,846 Ratings & 2,991 Reviews",128 GB ROM,13.94 cm (5.488 inch) Retina HD Display,12MP + 12MP | 7MP Front Camera,Apple A10 Fusion 64-bit processor and Embedded M10 Motion Co-processor
"APPLE iPhone 6s Plus (Rose Gold, 64 GB)","4.418,838 Ratings & 2,368 Reviews",64 GB ROM,13.97 cm (5.5 inch) Retina HD Display,12MP Rear Camera | 5MP Front Camera,A9 Chip with 64-bit Architecture and M9 Motion Co-processor
"APPLE iPhone 7 Plus (Jet Black, 128 GB)","4.529,846 Ratings & 2,991 Reviews",128 GB ROM,13.94 cm (5.488 inch) Retina HD Display,12MP + 12MP | 7MP Front Camera,Apple A10 Fusion 64-bit processor and Embedded M10 Motion Co-processor
"APPLE iPhone 6s (Silver, 128 GB)","4.593,125 Ratings & 9,221 Reviews",128 GB ROM,11.94 cm (4.7 inch) Retina HD Display,12MP Rear Camera | 5MP Front Camera,A9 Chip with 64-bit Architecture and M9 Motion Co-processor
"APPLE iPhone 8 (Space Grey, 64 GB)","4.511,394 Ratings & 802 Reviews",64 GB ROM,11.94 cm (4.7 inch) Retina HD Display,12MP Rear Camera | 7MP Front Camera,"A11 Bionic Chip with 64-bit Architecture, Neural Engine, Embedded M11 Motion Coprocessor Processor"
"APPLE iPhone 8 Plus (Gold, 256 GB)","4.63,443 Ratings & 355 Reviews",256 GB ROM,13.97 cm (5.5 inch) Retina HD Display,12MP + 12MP | 7MP Front Camera,"A11 Bionic Chip with 64-bit Architecture, Neural Engine, Embedded M11 Motion Coprocessor Processor"
"APPLE iPhone 7 Plus (Rose Gold, 128 GB)","4.529,846 Ratings & 2,991 Reviews",128 GB ROM,13.94 cm (5.488 inch) Retina HD Display,12MP + 12MP | 7MP Front Camera,Apple A10 Fusion 64-bit processor and Embedded M10 Motion Co-processor
"APPLE iPhone 6s Plus (Rose Gold, 64 GB)","4.418,838 Ratings & 2,368 Reviews",64 GB ROM,13.97 cm (5.5 inch) Retina HD Display,12MP Rear Camera | 5MP Front Camera,A9 Chip with 64-bit Architecture and M9 Motion Co-processor
"APPLE iPhone 7 Plus (Jet Black, 128 GB)","4.529,846 Ratings & 2,991 Reviews",128 GB ROM,13.94 cm (5.488 inch) Retina HD Display,12MP + 12MP | 7MP Front Camera,Apple A10 Fusion 64-bit processor and Embedded M10 Motion Co-processor
"APPLE iPhone 6s Plus (Gold, 16 GB)","4.418,838 Ratings & 2,368 Reviews",16 GB ROM,13.97 cm (5.5 inch) Retina HD Display,12MP Rear Camera | 5MP Front Camera,A9 Chip with 64-bit Architecture and M9 Motion Co-processor
"APPLE iPhone 6s (Silver, 128 GB)","4.593,125 Ratings & 9,221 Reviews",128 GB ROM,11.94 cm (4.7 inch) Retina HD Display,12MP Rear Camera | 5MP Front Camera,A9 Chip with 64-bit Architecture and M9 Motion Co-processor
"Apple iPhone XR (Yellow, 128 GB) (Includes EarPods, Power Adapter)","4.61,01,021 Ratings & 8,541 Reviews",128 GB ROM,15.49 cm (6.1 inch) Display,12MP Rear Camera | 7MP Front Camera,A12 Bionic Chip Processor
"APPLE iPhone 11 Pro Max (Silver, 256 GB)","4.71,102 Ratings & 100 Reviews",256 GB ROM,16.51 cm (6.5 inch) Super Retina XDR Display,12MP + 12MP + 12MP | 12MP Front Camera,A13 Bionic Chip Processor
"APPLE iPhone 6s (Gold, 128 GB)","4.593,125 Ratings & 9,221 Reviews",128 GB ROM,11.94 cm (4.7 inch) Retina HD Display,12MP Rear Camera | 5MP Front Camera,A9 Chip with 64-bit Architecture and M9 Motion Co-processor
"APPLE iPhone 6s (Gold, 16 GB)","4.593,125 Ratings & 9,221 Reviews",16 GB ROM,11.94 cm (4.7 inch) Retina HD Display,12MP Rear Camera | 5MP Front Camera,A9 Chip with 64-bit Architecture and M9 Motion Co-processor
"APPLE iPhone XR (Blue, 128 GB)","4.61,01,021 Ratings & 8,541 Reviews",128 GB ROM,15.49 cm (6.1 inch) Display,12MP Rear Camera | 7MP Front Camera,A12 Bionic Chip Processor
"APPLE iPhone 6 (Gold, 64 GB)","4.41,45,596 Ratings & 16,198 Reviews",64 GB ROM,11.94 cm (4.7 inch) Retina HD Display,8MP Rear Camera | 1.2MP Front Camera,A8 Chip with 64-bit Architecture and M8 Motion Co-processor
"APPLE iPhone XR (Coral, 128 GB)","4.61,01,021 Ratings & 8,541 Reviews",128 GB ROM,15.49 cm (6.1 inch) Display,12MP Rear Camera | 7MP Front Camera,A12 Bionic Chip Processor
"APPLE iPhone 11 Pro Max (Space Grey, 256 GB)","4.71,102 Ratings & 100 Reviews",256 GB ROM,16.51 cm (6.5 inch) Super Retina XDR Display,12MP + 12MP + 12MP | 12MP Front Camera,A13 Bionic Chip Processor
"Apple iPhone XR (Yellow, 256 GB) (Includes EarPods, Power Adapter)","4.61,01,021 Ratings & 8,541 Reviews",256 GB ROM,15.49 cm (6.1 inch) Display,12MP Rear Camera | 7MP Front Camera,A12 Bionic Chip Processor
"APPLE iPhone 6s Plus (Silver, 16 GB)","4.418,838 Ratings & 2,368 Reviews",16 GB ROM,13.97 cm (5.5 inch) Retina HD Display,12MP Rear Camera | 5MP Front Camera,Apple A9 64-bit processor and Embedded M9 Motion Co-processor
"APPLE iPhone 7 Plus (Red, 128 GB)","4.529,846 Ratings & 2,991 Reviews",128 GB ROM,13.94 cm (5.488 inch) Retina HD Display,12MP Rear Camera | 7MP Front Camera,Apple A10 Fusion 64-bit processor and Embedded M10 Motion Co-processor
"APPLE iPhone 6s (Silver, 64 GB)","4.593,125 Ratings & 9,221 Reviews",64 GB ROM,11.94 cm (4.7 inch) Retina HD Display,12MP Rear Camera | 5MP Front Camera,A9 Chip with 64-bit Architecture and M9 Motion Co-processor
"APPLE iPhone XS (Space Grey, 256 GB)","4.711,962 Ratings & 869 Reviews",256 GB ROM,14.73 cm (5.8 inch) Super Retina HD Display,12MP + 12MP | 7MP Front Camera,A12 Bionic Chip Processor
"APPLE iPhone 12 Pro Max (Pacific Blue, 256 GB)","4.51,272 Ratings & 102 Reviews",256 GB ROM,17.02 cm (6.7 inch) Super Retina XDR Display,12MP + 12MP + 12MP | 12MP Front Camera,A14 Bionic Chip with Next Generation Neural Engine Processor
"APPLE iPhone 7 (Black, 128 GB)","4.595,178 Ratings & 9,179 Reviews",128 GB ROM,11.94 cm (4.7 inch) Retina HD Display,12MP Rear Camera | 7MP Front Camera,Apple A10 Fusion 64-bit processor and Embedded M10 Motion Co-processor
"APPLE iPhone 6 (Gold, 128 GB)","4.41,45,596 Ratings & 16,198 Reviews",128 GB ROM,11.94 cm (4.7 inch) Retina HD Display,8MP Rear Camera | 1.2MP Front Camera,A8 Chip with 64-bit Architecture and M8 Motion Co-processor
"APPLE iPhone 11 Pro (Silver, 64 GB)","4.68,695 Ratings & 629 Reviews",64 GB ROM,14.73 cm (5.8 inch) Super Retina XDR Display,12MP + 12MP + 12MP | 12MP Front Camera,A13 Bionic Chip Processor
"APPLE iPhone XS Max (Silver, 256 GB)","4.61,453 Ratings & 146 Reviews",256 GB ROM,16.51 cm (6.5 inch) Super Retina HD Display,12MP + 12MP | 7MP Front Camera,A12 Bionic Chip Processor
"APPLE iPhone 6s (Gold, 64 GB)","4.593,125 Ratings & 9,221 Reviews",64 GB ROM,11.94 cm (4.7 inch) Retina HD Display,12MP Rear Camera | 5MP Front Camera,A9 Chip with 64-bit Architecture and M9 Motion Co-processor
"APPLE iPhone SE (Black, 128 GB)","4.51,54,746 Ratings & 12,073 Reviews",128 GB ROM,11.94 cm (4.7 inch) Retina HD Display,12MP Rear Camera | 7MP Front Camera,A13 Bionic Chip with 3rd Gen Neural Engine Processor
"APPLE iPhone 7 Plus (Gold, 32 GB)","4.529,846 Ratings & 2,991 Reviews",32 GB ROM,13.94 cm (5.488 inch) Retina HD Display,12MP + 12MP | 7MP Front Camera,Apple A10 Fusion 64-bit processor and Embedded M10 Motion Co-processor
"APPLE iPhone 6s Plus (Space Grey, 128 GB)","4.418,838 Ratings & 2,368 Reviews",128 GB ROM,13.97 cm (5.5 inch) Retina HD Display,12MP Rear Camera | 5MP Front Camera,A9 Chip with 64-bit Architecture and M9 Motion Co-processor
"APPLE iPhone 6s Plus (Silver, 32 GB)","4.418,838 Ratings & 2,368 Reviews",32 GB ROM,13.97 cm (5.5 inch) Retina HD Display,12MP Rear Camera | 5MP Front Camera,Apple A9 64-bit processor and Embedded M9 Motion Co-processor
"Apple iPhone SE (Black, 128 GB) (Includes EarPods, Power Adapter)","4.51,54,746 Ratings & 12,073 Reviews",128 GB ROM,11.94 cm (4.7 inch) Retina HD Display,12MP Rear Camera | 7MP Front Camera,A13 Bionic Chip with 3rd Gen Neural Engine Processor
"Apple iPhone SE (Red, 128 GB) (Includes EarPods, Power Adapter)","4.51,54,746 Ratings & 12,073 Reviews",128 GB ROM,11.94 cm (4.7 inch) Retina HD Display,12MP Rear Camera | 7MP Front Camera,A13 Bionic Chip with 3rd Gen Neural Engine Processor
"APPLE iPhone 13 Pro (Alpine Green, 128 GB)","4.71,581 Ratings & 126 Reviews",128 GB ROM,15.49 cm (6.1 inch) Super Retina XDR Display,12MP + 12MP + 12MP | 12MP Front Camera,A15 Bionic Chip Processor
"APPLE iPhone 11 Pro (Gold, 64 GB)","4.68,695 Ratings & 629 Reviews",64 GB ROM,14.73 cm (5.8 inch) Super Retina XDR Display,12MP + 12MP + 12MP | 12MP Front Camera,A13 Bionic Chip Processor
"APPLE iPhone XR (Blue, 64 GB)","4.61,01,021 Ratings & 8,541 Reviews",64 GB ROM,15.49 cm (6.1 inch) Display,12MP Rear Camera | 7MP Front Camera,A12 Bionic Chip Processor
"APPLE iPhone 12 Pro (Gold, 256 GB)","4.51,335 Ratings & 99 Reviews",256 GB ROM,15.49 cm (6.1 inch) Super Retina XDR Display,12MP + 12MP + 12MP | 12MP Front Camera,A14 Bionic Chip with Next Generation Neural Engine Processor
"APPLE iPhone 6s (Space Grey, 128 GB)","4.593,125 Ratings & 9,221 Reviews",128 GB ROM,11.94 cm (4.7 inch) Retina HD Display,12MP Rear Camera | 5MP Front Camera,A9 Chip with 64-bit Architecture and M9 Motion Co-processor
"APPLE iPhone XS (Silver, 256 GB)","4.711,962 Ratings & 869 Reviews",256 GB ROM,14.73 cm (5.8 inch) Super Retina HD Display,12MP + 12MP | 7MP Front Camera,A12 Bionic Chip Processor
"APPLE iPhone 11 Pro Max (Midnight Green, 256 GB)","4.71,102 Ratings & 100 Reviews",256 GB ROM,16.51 cm (6.5 inch) Super Retina XDR Display,12MP + 12MP + 12MP | 12MP Front Camera,A13 Bionic Chip Processor
"Apple iPhone SE (White, 128 GB) (Includes EarPods, Power Adapter)","4.51,54,746 Ratings & 12,073 Reviews",128 GB ROM,11.94 cm (4.7 inch) Retina HD Display,12MP Rear Camera | 7MP Front Camera,A13 Bionic Chip with 3rd Gen Neural Engine Processor
"APPLE iPhone 8 Plus (PRODUCT)RED (Red, 64 GB)",4.6267 Ratings & 23 Reviews,64 GB ROM,13.97 cm (5.5 inch) Retina HD Display,12MP + 12MP | 7MP Front Camera,"A11 Bionic Chip with 64-bit Architecture, Neural Engine, Embedded M11 Motion Coprocessor Processor"
"APPLE iPhone 13 mini ((PRODUCT)RED, 256 GB)","4.53,751 Ratings & 328 Reviews",256 GB ROM,13.72 cm (5.4 inch) Super Retina XDR Display,12MP + 12MP | 12MP Front Camera,A15 Bionic Chip Processor
"APPLE iPhone 6s (Gold, 32 GB)","4.593,125 Ratings & 9,221 Reviews",32 GB ROM,11.94 cm (4.7 inch) Retina HD Display,12MP Rear Camera | 5MP Front Camera,Apple A9 64-bit processor and Embedded M9 Motion Co-processor
"APPLE iPhone SE (Red, 128 GB)","4.51,54,746 Ratings & 12,073 Reviews",128 GB ROM,11.94 cm (4.7 inch) Retina HD Display,12MP Rear Camera | 7MP Front Camera,A13 Bionic Chip with 3rd Gen Neural Engine Processor
"APPLE iPhone XS (Space Grey, 512 GB)","4.711,962 Ratings & 869 Reviews",512 GB ROM,14.73 cm (5.8 inch) Super Retina HD Display,12MP + 12MP | 7MP Front Camera,A12 Bionic Chip Processor
"APPLE iPhone XS (Gold, 512 GB)","4.711,962 Ratings & 869 Reviews",512 GB ROM,14.73 cm (5.8 inch) Super Retina HD Display,12MP + 12MP | 7MP Front Camera,A12 Bionic Chip Processor
"APPLE iPhone 7 (PRODUCT) (Red, 256 GB)",4.729 Ratings & 1 Reviews,256 GB ROM,11.94 cm (4.7 inch) Retina HD Display,12MP Rear Camera | 7MP Front Camera,A10 Fusion Chip with 64-bit Architecture and Embedded M10 Motion Co-processor
"APPLE iPhone 11 Pro (Midnight Green, 256 GB)","4.68,695 Ratings & 629 Reviews",256 GB ROM,14.73 cm (5.8 inch) Super Retina XDR Display,12MP + 12MP + 12MP | 12MP Front Camera,A13 Bionic Chip Processor
"APPLE iPhone 11 Pro Max (Midnight Green, 512 GB)","4.71,102 Ratings & 100 Reviews",512 GB ROM,16.51 cm (6.5 inch) Super Retina XDR Display,12MP + 12MP + 12MP | 12MP Front Camera,A13 Bionic Chip Processor
"APPLE iPhone 7 Plus (Black, 32 GB)","4.529,846 Ratings & 2,991 Reviews",32 GB ROM,13.94 cm (5.488 inch) Retina HD Display,12MP + 12MP | 7MP Front Camera,Apple A10 Fusion 64-bit processor and Embedded M10 Motion Co-processor
"APPLE iPhone XS (Gold, 512 GB)","4.711,962 Ratings & 869 Reviews",512 GB ROM,14.73 cm (5.8 inch) Super Retina HD Display,12MP + 12MP | 7MP Front Camera,A12 Bionic Chip Processor
"APPLE iPhone 6 Plus (Silver, 16 GB)","4.51,674 Ratings & 199 Reviews",16 GB ROM,13.97 cm (5.5 inch) Retina HD Display,8MP Rear Camera | 1.2MP Front Camera,Apple A8 64-bit processor and M8 Motion Co-processor
"APPLE iPhone 6 (Silver, 128 GB)","4.41,45,596 Ratings & 16,198 Reviews",128 GB ROM,11.94 cm (4.7 inch) Retina HD Display,8MP Rear Camera | 1.2MP Front Camera,A8 Chip with 64-bit Architecture and M8 Motion Co-processor
"APPLE iPhone 6 (Grey, 128 GB)","4.41,45,596 Ratings & 16,198 Reviews",128 GB ROM,11.94 cm (4.7 inch) Retina HD Display,8MP Rear Camera | 1.2MP Front Camera,Apple A8 64-bit processor and M8 Motion Co-processor
"APPLE iPhone XS (Gold, 256 GB)","4.711,962 Ratings & 869 Reviews",256 GB ROM,14.73 cm (5.8 inch) Super Retina HD Display,12MP + 12MP | 7MP Front Camera,A12 Bionic Chip Processor
"APPLE iPhone 11 Pro (Midnight Green, 256 GB)","4.68,695 Ratings & 629 Reviews",256 GB ROM,14.73 cm (5.8 inch) Super Retina XDR Display,12MP + 12MP + 12MP | 12MP Front Camera,A13 Bionic Chip Processor
"APPLE iPhone 11 Pro (Space Grey, 64 GB)","4.68,695 Ratings & 629 Reviews",64 GB ROM,14.73 cm (5.8 inch) Super Retina XDR Display,12MP + 12MP + 12MP | 12MP Front Camera,A13 Bionic Chip Processor
"APPLE iPhone XR (White, 64 GB)","4.61,01,021 Ratings & 8,541 Reviews",64 GB ROM,15.49 cm (6.1 inch) Display,12MP Rear Camera | 7MP Front Camera,A12 Bionic Chip Processor
"APPLE iPhone 11 Pro Max (Gold, 256 GB)","4.71,102 Ratings & 100 Reviews",256 GB ROM,16.51 cm (6.5 inch) Super Retina XDR Display,12MP + 12MP + 12MP | 12MP Front Camera,A13 Bionic Chip Processor
"APPLE iPhone XR ((PRODUCT)RED, 64 GB)","4.61,01,021 Ratings & 8,541 Reviews",64 GB ROM,15.49 cm (6.1 inch) Display,12MP Rear Camera | 7MP Front Camera,A12 Bionic Chip Processor
"APPLE iPhone 7 (Red, 128 GB)","4.595,178 Ratings & 9,179 Reviews",128 GB ROM,11.94 cm (4.7 inch) Retina HD Display,12MP Rear Camera | 7MP Front Camera,Apple A10 Fusion 64-bit processor and Embedded M10 Motion Co-processor
"APPLE iPhone 7 (PRODUCT) (Red, 256 GB)",4.729 Ratings & 1 Reviews,256 GB ROM,11.94 cm (4.7 inch) Retina HD Display,12MP Rear Camera | 7MP Front Camera,A10 Fusion Chip with 64-bit Architecture and Embedded M10 Motion Co-processor
"APPLE iPhone 6 (Space Grey, 16 GB)","4.41,45,596 Ratings & 16,198 Reviews",16 GB ROM,11.94 cm (4.7 inch) Retina HD Display,8MP Rear Camera | 1.2MP Front Camera,Apple A8 64-bit processor and M8 Motion Co-processor
"APPLE iPhone 8 (Silver, 64 GB)","4.511,394 Ratings & 802 Reviews",64 GB ROM,11.94 cm (4.7 inch) Retina HD Display,12MP Rear Camera | 7MP Front Camera,"A11 Bionic Chip with 64-bit Architecture, Neural Engine, Embedded M11 Motion Coprocessor Processor"
"APPLE iPhone 7 (Black, 128 GB)","4.595,178 Ratings & 9,179 Reviews",128 GB ROM,11.94 cm (4.7 inch) Retina HD Display,12MP Rear Camera | 7MP Front Camera,Apple A10 Fusion 64-bit processor and Embedded M10 Motion Co-processor
"APPLE iPhone 6s (Silver, 32 GB)","4.593,125 Ratings & 9,221 Reviews",32 GB ROM,11.94 cm (4.7 inch) Retina HD Display,12MP Rear Camera | 5MP Front Camera,Apple A9 64-bit processor and M9 Motion Co-processor
"APPLE iPhone XS (Silver, 64 GB)","4.711,962 Ratings & 869 Reviews",64 GB ROM,14.73 cm (5.8 inch) Super Retina HD Display,12MP + 12MP | 7MP Front Camera,A12 Bionic Chip Processor
"APPLE iPhone 8 (PRODUCT)RED (Red, 64 GB)",4.7113 Ratings & 10 Reviews,64 GB ROM,11.94 cm (4.7 inch) Retina HD Display,12MP Rear Camera | 7MP Front Camera,"A11 Bionic Chip with 64-bit Architecture, Neural Engine, Embedded M11 Motion Coprocessor Processor"
"APPLE iPhone 12 mini (Red, 256 GB)","4.51,30,174 Ratings & 10,292 Reviews",256 GB ROM,13.72 cm (5.4 inch) Super Retina XDR Display,12MP + 12MP | 12MP Front Camera,A14 Bionic Chip with Next Generation Neural Engine Processor
"APPLE iPhone 6s Plus (Silver, 128 GB)","4.418,838 Ratings & 2,368 Reviews",128 GB ROM,13.97 cm (5.5 inch) Retina HD Display,12MP Rear Camera | 5MP Front Camera,A9 Chip with 64-bit Architecture and M9 Motion Co-processor
"APPLE iPhone 13 mini ((PRODUCT)RED, 512 GB)","4.53,751 Ratings & 328 Reviews",512 GB ROM,13.72 cm (5.4 inch) Super Retina XDR Display,12MP + 12MP | 12MP Front Camera,A15 Bionic Chip Processor
"APPLE iPhone 6s Plus (Gold, 128 GB)","4.418,838 Ratings & 2,368 Reviews",128 GB ROM,13.97 cm (5.5 inch) Retina HD Display,12MP Rear Camera | 5MP Front Camera,A9 Chip with 64-bit Architecture and M9 Motion Co-processor
"APPLE iPhone 8 (PRODUCT)RED (Red, 64 GB)",4.7113 Ratings & 10 Reviews,64 GB ROM,11.94 cm (4.7 inch) Retina HD Display,12MP Rear Camera | 7MP Front Camera,"A11 Bionic Chip with 64-bit Architecture, Neural Engine, Embedded M11 Motion Coprocessor Processor"
"Apple iPhone XR (White, 128 GB) (Includes EarPods, Power Adapter)","4.61,01,021 Ratings & 8,541 Reviews",128 GB ROM,15.49 cm (6.1 inch) Display,12MP Rear Camera | 7MP Front Camera,A12 Bionic Chip Processor
"APPLE iPhone XS (Space Grey, 64 GB)","4.711,962 Ratings & 869 Reviews",64 GB ROM,14.73 cm (5.8 inch) Super Retina HD Display,12MP + 12MP | 7MP Front Camera,A12 Bionic Chip Processor
"APPLE iPhone 6s Plus (Silver, 128 GB)","4.418,838 Ratings & 2,368 Reviews",128 GB ROM,13.97 cm (5.5 inch) Retina HD Display,12MP Rear Camera | 5MP Front Camera,A9 Chip with 64-bit Architecture and M9 Motion Co-processor
"APPLE iPhone 6s (Rose Gold, 64 GB)","4.593,125 Ratings & 9,221 Reviews",64 GB ROM,11.94 cm (4.7 inch) Retina HD Display,12MP Rear Camera | 5MP Front Camera,A9 Chip with 64-bit Architecture and M9 Motion Co-processor
"APPLE iPhone XR (Coral, 64 GB)","4.61,01,021 Ratings & 8,541 Reviews",64 GB ROM,15.49 cm (6.1 inch) Display,12MP Rear Camera | 7MP Front Camera,A12 Bionic Chip Processor
"APPLE iPhone 6s Plus (Rose Gold, 128 GB)","4.418,838 Ratings & 2,368 Reviews",128 GB ROM,13.97 cm (5.5 inch) Retina HD Display,12MP Rear Camera | 5MP Front Camera,A9 Chip with 64-bit Architecture and M9 Motion Co-processor
"APPLE iPhone 6s (Space Grey, 16 GB)","4.593,125 Ratings & 9,221 Reviews",16 GB ROM,11.94 cm (4.7 inch) Retina HD Display,12MP Rear Camera | 5MP Front Camera,A9 Chip with 64-bit Architecture and M9 Motion Co-processor
"APPLE iPhone 12 Pro Max (Gold, 256 GB)","4.51,272 Ratings & 102 Reviews",256 GB ROM,17.02 cm (6.7 inch) Super Retina XDR Display,12MP + 12MP + 12MP | 12MP Front Camera,A14 Bionic Chip with Next Generation Neural Engine Processor
